Pregnancies,Glucose,BloodPressure,SkinThickness,Insulin,BMI,DiabetesPedigreeFunction,Age,Outcome
0.058823529411764705,0.23776223776223776,0.38775510204081626,0.05434782608695651,0.03840877914951989,0.18404907975460133,0.220935412026726,0.050000000000000044,0
0.29411764705882354,0.48951048951048953,0.5510204081632653,0.21739130434782605,0.009602194787379972,0.23312883435582837,0.15812917594654785,0.31666666666666665,0
0.11764705882352941,0.34265734265734266,0.3469387755102041,0.358695652173913,0.10836762688614539,0.34151329243353795,0.06280623608017817,0.06666666666666671,0
0.058823529411764705,0.6293706293706294,0.32653061224489793,0.21739130434782605,0.12002743484224963,0.23517382413087945,0.2138084632516703,0.13333333333333336,0
0.0,0.27272727272727276,0.4081632653061224,0.34782608695652173,0.12345679012345677,0.5398773006134971,0.12561247216035631,0.016666666666666663,0
0.29411764705882354,0.93006993006993,0.4081632653061224,0.2826086956521739,0.42524005486968447,0.26584867075664625,0.22227171492204895,0.13333333333333336,1
0.0,0.5734265734265733,0.3673469387755101,0.3043478260869565,0.2085048010973937,0.3353783231083846,0.20044543429844097,0.0,1
0.4117647058823529,0.8531468531468531,0.6122448979591837,0.2717391304347826,0.21193415637860083,0.4437627811860942,0.11002227171492206,0.33333333333333337,1
0.11764705882352941,0.23776223776223776,0.3673469387755101,0.21739130434782605,0.12002743484224963,0.10838445807770969,0.04766146993318485,0.06666666666666671,0
0.3529411764705882,0.2517482517482517,0.693877551020408,0.21739130434782605,0.12002743484224963,0.034764826175869123,0.04632516703786191,0.1166666666666667,0
0.29411764705882354,0.20279720279720276,0.510204081632653,0.16304347826086957,0.21193415637860083,0.22085889570552159,0.5077951002227171,0.18333333333333335,1
0.3529411764705882,0.16783216783216787,0.5714285714285714,0.3152173913043478,0.12002743484224963,0.441717791411043,0.04142538975501113,0.1166666666666667,0
0.4117647058823529,0.041958041958041925,0.5510204081632653,0.21739130434782605,0.12002743484224963,0.2944785276073621,0.13674832962138084,0.33333333333333337,0
0.3529411764705882,0.4265734265734266,0.7346938775510203,0.21739130434782605,0.12002743484224963,0.21472392638036814,0.032516703786191536,0.15000000000000002,0
0.3529411764705882,0.9720279720279719,0.4693877551020407,0.2717391304347826,0.21193415637860083,0.2597137014314929,0.10868596881959912,0.16666666666666663,1
0.3529411764705882,0.34265734265734266,0.5714285714285714,0.2282608695652174,0.12002743484224963,0.2924335378323109,0.35367483296213803,0.08333333333333337,0
0.23529411764705882,0.6223776223776223,0.5918367346938775,0.11956521739130432,0.21193415637860083,0.2924335378323109,0.06726057906458796,0.8166666666666668,1
0.5882352941176471,0.4615384615384615,0.5510204081632653,0.2608695652173913,0.12002743484224963,0.19222903885480586,0.1906458797327394,0.4,0
0.058823529411764705,0.3566433566433566,0.510204081632653,0.14130434782608695,0.010973936899862823,0.19427402862985693,0.09576837416481067,0.0,0
0.11764705882352941,0.4685314685314685,0.24489795918367346,0.2717391304347826,0.205761316872428,0.48875255623721897,0.19420935412026724,0.08333333333333337,0
0.5882352941176471,0.41258741258741255,0.7551020408163265,0.21739130434782605,0.12002743484224963,0.11860940695296529,0.4178173719376392,0.21666666666666667,0
0.3529411764705882,0.3636363636363636,0.20408163265306117,0.14130434782608695,0.15775034293552812,0.11860940695296529,0.32472160356347435,0.2333333333333334,0
0.3529411764705882,0.41258741258741255,0.3673469387755101,0.34782608695652173,0.21193415637860083,0.3169734151329245,0.07171492204899776,0.31666666666666665,1
0.47058823529411764,0.48251748251748255,0.7346938775510203,0.2717391304347826,0.21193415637860083,0.32924335378323116,0.06592427616926504,0.55,1
0.0,0.1258741258741259,0.28571428571428564,0.032608695652173905,0.028806584362139915,0.196319018404908,0.0824053452115813,0.016666666666666663,0
0.11764705882352941,0.5034965034965035,0.4081632653061224,0.3804347826086956,0.12002743484224963,0.4458077709611454,0.45300668151447654,0.050000000000000044,0
0.23529411764705882,0.44755244755244755,0.4489795918367347,0.21739130434782605,0.12002743484224963,0.23312883435582837,0.2783964365256124,0.21666666666666667,0
0.23529411764705882,0.5104895104895104,0.3673469387755101,0.05434782608695651,0.2962962962962963,0.19018404907975467,0.19732739420935413,0.16666666666666663,0
0.1764705882352941,0.34965034965034963,0.3061224489795918,0.15217391304347824,0.19615912208504802,0.2597137014314929,0.0926503340757238,0.050000000000000044,0
0.0,0.5524475524475525,0.4489795918367347,0.3804347826086956,0.32235939643347045,0.4928425357873211,0.12516703786191535,0.050000000000000044,1
0.3529411764705882,0.6643356643356644,0.38775510204081626,0.2608695652173913,0.1440329218106996,0.35378323108384474,0.27082405345211574,0.1166666666666667,0
0.3529411764705882,0.3286713286713287,0.48979591836734687,0.2717391304347826,0.24005486968449932,0.3987730061349695,0.10690423162583519,0.5666666666666667,0
0.29411764705882354,0.7132867132867131,0.6122448979591837,0.3695652173913043,0.2674897119341563,0.4335378323108386,0.13853006681514474,0.13333333333333336,1
0.11764705882352941,0.6293706293706294,0.5153061224489794,0.2717391304347826,0.21193415637860083,0.19018404907975467,0.06948775055679286,0.1166666666666667,1
0.058823529411764705,0.23776223776223776,0.4489795918367347,0.010869565217391297,0.12002743484224963,0.12883435582822095,0.46948775055679276,0.25,0
0.3529411764705882,0.48251748251748255,0.4489795918367347,0.25,0.1440329218106996,0.2413087934560328,0.16926503340757237,0.18333333333333335,0
0.7647058823529411,0.6713286713286712,0.6734693877551019,0.2826086956521739,0.01920438957475994,0.1758691206543968,0.288195991091314,0.3666666666666667,1
0.11764705882352941,0.37762237762237766,0.510204081632653,0.2391304347826087,0.15089163237311384,0.29038854805725983,0.2734966592427616,0.10000000000000003,0
0.4117647058823529,0.6363636363636362,0.5306122448979591,0.2717391304347826,0.21193415637860083,0.4335378323108386,0.07706013363028953,0.3666666666666667,1
0.3529411764705882,0.5454545454545454,0.4693877551020407,0.17391304347826086,0.15775034293552812,0.35173824130879355,0.20400890868596883,0.13333333333333336,1
0.1764705882352941,0.8181818181818181,0.5510204081632653,0.34782608695652173,0.23319615912208505,0.31901840490797545,0.3946547884187082,0.16666666666666663,1
0.11764705882352941,0.2517482517482517,0.38775510204081626,0.2282608695652174,0.12002743484224963,0.2740286298568508,0.020489977728285078,0.050000000000000044,0
0.0,0.9930069930069929,0.42857142857142855,0.2717391304347826,0.35528120713305894,0.4723926380368099,0.1861915367483296,0.1166666666666667,1
0.11764705882352941,0.6293706293706294,0.4693877551020407,0.33695652173913043,0.4732510288065843,0.20040899795501027,0.11269487750556793,0.13333333333333336,1
0.11764705882352941,0.19580419580419578,0.4693877551020407,0.21739130434782605,0.12002743484224963,0.24335378323108398,0.09799554565701558,0.0,0
0.47058823529411764,0.86013986013986,0.48979591836734687,0.3804347826086956,0.15775034293552812,0.2965235173824133,0.28285077951002224,0.25,1
0.47058823529411764,0.06293706293706292,0.48979591836734687,0.17391304347826086,0.12002743484224963,0.2822085889570553,0.22984409799554562,0.35,0
0.3529411764705882,0.27972027972027974,0.4693877551020407,0.21739130434782605,0.12002743484224963,0.1124744376278119,0.04721603563474387,0.1166666666666667,0
0.0,0.7342657342657342,0.2653061224489796,0.21739130434782605,0.12002743484224963,0.07566462167689164,0.0757238307349666,0.7333333333333333,0
0.4117647058823529,0.895104895104895,0.6122448979591837,0.2826086956521739,0.21193415637860083,0.35378323108384474,0.12071269487750556,0.33333333333333337,1
0.1764705882352941,0.5174825174825175,0.5510204081632653,0.17391304347826086,0.0877914951989026,0.2085889570552148,0.1064587973273942,0.21666666666666667,1
0.11764705882352941,0.4615384615384615,0.4693877551020407,0.21739130434782605,0.12002743484224963,0.3803680981595093,0.11403118040089087,0.10000000000000003,0
0.058823529411764705,0.45454545454545453,0.5510204081632653,0.34782608695652173,0.08093278463648833,0.42535787321063406,0.07884187082405344,0.1166666666666667,0
0.29411764705882354,0.37062937062937057,0.38775510204081626,0.3695652173913043,0.15637860082304528,0.35991820040899797,0.19153674832962136,0.06666666666666671,1
0.29411764705882354,0.41958041958041953,0.510204081632653,0.2391304347826087,0.21193415637860083,0.28834355828220865,0.25657015590200444,0.2333333333333334,1
0.0,0.2867132867132867,0.4081632653061224,0.3152173913043478,0.1165980795610425,0.3803680981595093,0.22984409799554562,0.06666666666666671,0
0.1764705882352941,0.7902097902097902,0.510204081632653,0.13043478260869565,0.15089163237311384,0.2392638036809816,0.08195991091314031,0.16666666666666663,1
0.29411764705882354,0.4685314685314685,0.510204081632653,0.358695652173913,0.08504801097393688,0.325153374233129,0.0824053452115813,0.1166666666666667,0
0.058823529411764705,0.30769230769230765,0.42857142857142855,0.08695652173913043,0.05624142661179697,0.11042944785276082,0.2592427616926503,0.08333333333333337,0
0.5294117647058824,0.6993006993006992,0.6326530612244898,0.2717391304347826,0.21193415637860083,0.1349693251533743,0.06503340757238307,0.5333333333333333,1
0.058823529411764705,0.2867132867132867,0.4489795918367347,0.15217391304347824,0.12002743484224963,0.18404907975460133,0.45033407572383066,0.016666666666666663,0
0.5294117647058824,0.6853146853146852,0.5510204081632653,0.25,0.1165980795610425,0.2597137014314929,0.0356347438752784,0.4,0
0.29411764705882354,0.6363636363636362,0.5510204081632653,0.21739130434782605,0.12002743484224963,0.3169734151329245,0.059688195991091306,0.7333333333333333,0
0.29411764705882354,0.7832167832167831,0.4081632653061224,0.2717391304347826,0.21193415637860083,0.30061349693251543,0.02271714922048998,0.33333333333333337,1
0.47058823529411764,0.979020979020979,0.5306122448979591,0.2391304347826087,0.3635116598079561,0.39468302658486715,0.23207126948775053,0.6,1
0.11764705882352941,0.2587412587412587,0.4081632653061224,0.2717391304347826,0.19890260631001372,0.40490797546012286,0.26280623608017817,0.033333333333333326,1
0.47058823529411764,0.5384615384615385,0.48979591836734687,0.2717391304347826,0.21193415637860083,0.30061349693251543,0.08285077951002227,0.30000000000000004,1
0.1764705882352941,0.7972027972027971,0.4081632653061224,0.32608695652173914,0.28806584362139914,0.3333333333333334,0.12115812917594652,0.15000000000000002,1
0.5294117647058824,0.8041958041958042,0.8775510204081631,0.18478260869565216,0.30864197530864196,0.556237218813906,0.28374164810690417,0.55,1
0.23529411764705882,0.986013986013986,0.4693877551020407,0.34782608695652173,1.0,0.3783231083844582,1.0,0.16666666666666663,0
0.1764705882352941,0.8671328671328671,0.4081632653061224,0.19565217391304346,0.07544581618655692,0.3231083844580778,0.08329621380846325,0.08333333333333337,0
0.23529411764705882,0.8881118881118881,0.5153061224489794,0.2717391304347826,0.21193415637860083,0.2085889570552148,0.05701559020044543,0.25,1
0.4117647058823529,0.6013986013986015,0.6734693877551019,0.18478260869565216,0.6378600823045267,0.24948875255623731,0.019599109131403114,0.3666666666666667,1
0.1764705882352941,0.3636363636363636,0.38775510204081626,0.18478260869565216,0.12002743484224963,0.15950920245398775,0.06191536748329621,0.06666666666666671,0
0.7058823529411764,0.5874125874125875,0.5918367346938775,0.3913043478260869,0.42524005486968447,0.4294478527607363,0.1977728285077951,0.6166666666666667,1
0.5294117647058824,0.3916083916083916,0.5918367346938775,0.2717391304347826,0.2194787379972565,0.3271983640081801,0.07839643652561247,0.25,1
0.23529411764705882,0.6293706293706294,0.6224489795918366,0.21739130434782605,0.1165980795610425,0.2188139059304704,0.0467706013363029,0.10000000000000003,0
0.29411764705882354,0.7692307692307692,0.48979591836734687,0.13043478260869565,0.2194787379972565,0.1554192229038856,0.22405345211581285,0.5,1
0.5882352941176471,0.7342657342657342,0.4489795918367347,0.17391304347826086,0.16049382716049382,0.14928425357873215,0.10779510022271714,0.43333333333333335,1
0.11764705882352941,0.6923076923076923,0.510204081632653,0.10869565217391303,0.11111111111111109,0.17177914110429454,0.15545657015590197,0.10000000000000003,1
0.058823529411764705,0.27272727272727276,0.3673469387755101,0.11956521739130432,0.058984910836762675,0.11656441717791416,0.07839643652561247,0.016666666666666663,0
0.23529411764705882,0.4265734265734266,0.4081632653061224,0.21739130434782605,0.1440329218106996,0.3067484662576689,0.06503340757238307,0.050000000000000044,0
0.6470588235294118,0.4965034965034965,0.8367346938775508,0.21739130434782605,0.12002743484224963,0.42535787321063406,0.04721603563474387,0.5,0
0.058823529411764705,0.48951048951048953,0.32653061224489793,0.2391304347826087,0.18792866941015088,0.21472392638036814,0.3193763919821826,0.0,0
0.1764705882352941,0.19580419580419578,0.4489795918367347,0.25,0.12482853223593963,0.2801635991820041,0.2258351893095768,0.06666666666666671,0
0.47058823529411764,0.3916083916083916,0.48979591836734687,0.21739130434782605,0.12002743484224963,0.11042944785276082,0.3367483296213808,0.6166666666666667,0
0.29411764705882354,0.6923076923076923,0.6122448979591837,0.40217391304347827,0.7270233196159122,0.4192229038854807,0.23830734966592426,0.21666666666666667,0
0.058823529411764705,0.27972027972027974,0.9999999999999998,0.21739130434782605,0.12002743484224963,0.08588957055214724,0.05478841870824053,0.10000000000000003,0
0.7647058823529411,0.6783216783216783,0.6530612244897958,0.32608695652173914,0.17146776406035666,0.45807770961145206,0.485523385300668,0.30000000000000004,0
0.4117647058823529,0.5384615384615385,0.6530612244897958,0.08695652173913043,0.19204389574759945,0.29038854805725983,0.07928730512249443,0.2666666666666667,0
0.0,0.4405594405594406,0.5153061224489794,0.2717391304347826,0.21193415637860083,0.29038854805725983,0.025389755011135842,0.050000000000000044,1
0.23529411764705882,0.6293706293706294,0.5510204081632653,0.2717391304347826,0.21193415637860083,0.41513292433537846,0.19420935412026724,0.7666666666666667,1
0.1764705882352941,0.3006993006993007,0.5714285714285714,0.043478260869565216,0.0672153635116598,0.022494887525562446,0.08908685968819598,0.15000000000000002,0
0.29411764705882354,0.34965034965034963,0.5918367346938775,0.25,0.12002743484224963,0.43558282208588966,0.08997772828507793,0.2833333333333333,0
0.29411764705882354,0.2237762237762238,0.5510204081632653,0.25,0.12002743484224963,0.19222903885480586,0.0775055679287305,0.2666666666666667,0
0.058823529411764705,0.44755244755244755,0.5714285714285714,0.44565217391304346,0.2537722908093278,0.4233128834355829,0.48017817371937627,0.33333333333333337,0
0.058823529411764705,0.3636363636363636,0.3673469387755101,0.42391304347826086,0.22359396433470508,0.35378323108384474,0.14743875278396434,0.050000000000000044,0
0.7647058823529411,0.7132867132867131,0.9183673469387754,0.2717391304347826,0.21193415637860083,0.4928425357873211,0.07706013363028953,0.3833333333333333,1
0.058823529411764705,0.2237762237762238,0.5510204081632653,0.2391304347826087,0.08367626886145403,0.2822085889570553,0.12516703786191535,0.13333333333333336,0
0.1764705882352941,0.3916083916083916,0.510204081632653,0.25,0.21193415637860083,0.2740286298568508,0.05033407572383074,0.06666666666666671,1
0.7058823529411764,0.2237762237762238,0.510204081632653,0.358695652173913,0.05349794238683127,0.34969325153374237,0.13095768374164812,0.45000000000000007,0
0.29411764705882354,0.1538461538461538,0.24489795918367346,0.21739130434782605,0.12002743484224963,0.3169734151329245,0.25389755011135856,0.06666666666666671,0
0.058823529411764705,0.4265734265734266,0.3673469387755101,0.17391304347826086,0.12482853223593963,0.31901840490797545,0.17015590200445435,0.10000000000000003,0
0.0,0.4265734265734266,0.4693877551020407,0.21739130434782605,0.12002743484224963,0.31901840490797545,0.377728285077951,0.3833333333333333,0
0.23529411764705882,0.2867132867132867,0.3673469387755101,0.17391304347826086,0.12002743484224963,0.20449897750511253,0.1599109131403118,0.016666666666666663,0
0.4117647058823529,0.6573426573426573,0.5510204081632653,0.2391304347826087,0.1522633744855967,0.3476482617586914,0.27082405345211574,0.55,1
0.4117647058823529,0.5594405594405594,0.6734693877551019,0.21739130434782605,0.12002743484224963,0.2392638036809816,0.056124721603563466,0.4833333333333334,0
0.058823529411764705,0.31468531468531463,0.2653061224489796,0.08695652173913043,0.028806584362139915,0.12269938650306755,0.19688195991091312,0.08333333333333337,0
0.11764705882352941,0.2517482517482517,0.28571428571428564,0.21739130434782605,0.12002743484224963,0.24335378323108398,0.025389755011135842,0.016666666666666663,0
0.0,0.2657342657342657,0.4693877551020407,0.21739130434782605,0.13717421124828533,0.5173824130879348,0.11714922048997771,0.0,0
0.058823529411764705,0.3006993006993007,0.3469387755102041,0.032608695652173905,0.12002743484224963,0.14723926380368096,0.20801781737193764,0.0,0
0.1764705882352941,0.1258741258741259,0.4489795918367347,0.2282608695652174,0.04115226337448559,0.23517382413087945,0.09309576837416479,0.033333333333333326,0
0.0,0.47552447552447547,0.32653061224489793,0.06521739130434781,0.12345679012345677,0.07361963190184057,0.16391982182628062,0.0,0
0.058823529411764705,0.7482517482517481,0.48979591836734687,0.2717391304347826,0.21193415637860083,0.42535787321063406,0.5069042316258352,0.20000000000000007,1
0.11764705882352941,0.27972027972027974,0.4489795918367347,0.06521739130434781,0.046639231824416996,0.0593047034764827,0.25077951002227167,0.08333333333333337,0
0.0,0.45454545454545453,0.42857142857142855,0.25,0.205761316872428,0.32924335378323116,0.053006681514476614,0.20000000000000007,1
0.058823529411764705,0.17482517482517484,0.48979591836734687,0.11956521739130432,0.03429355281207133,0.17177914110429454,0.08864142538975499,0.050000000000000044,0
0.5294117647058824,0.5454545454545454,0.510204081632653,0.2826086956521739,0.06172839506172839,0.15746421267893668,0.16748329621380847,1.0,0
0.058823529411764705,0.5174825174825175,0.4693877551020407,0.06521739130434781,0.12345679012345677,0.15746421267893668,0.17282850779510017,0.016666666666666663,0
0.1764705882352941,0.27972027972027974,0.5510204081632653,0.34782608695652173,0.12002743484224963,0.3905930470347649,0.0685968819599109,0.31666666666666665,0
0.47058823529411764,0.3006993006993007,0.6122448979591837,0.21739130434782605,0.12002743484224963,0.35173824130879355,0.1354120267260579,0.4833333333333334,0
0.23529411764705882,0.23776223776223776,0.6530612244897958,0.4347826086956521,0.05349794238683127,0.3987730061349695,0.1238307349665924,0.13333333333333336,0
0.11764705882352941,0.30769230769230765,0.3061224489795918,0.2282608695652174,0.12345679012345677,0.4008179959100205,0.1844097995545657,0.050000000000000044,0
0.5294117647058824,0.6993006993006992,0.6326530612244898,0.2282608695652174,0.19204389574759945,0.32924335378323116,0.4922048997772828,0.35,1
0.3529411764705882,0.4685314685314685,0.48979591836734687,0.41304347826086957,0.2949245541838134,0.3149284253578733,0.289086859688196,0.21666666666666667,0
0.6470588235294118,0.5734265734265733,0.510204081632653,0.20652173913043476,0.17695473251028807,0.3660531697341514,0.21069042316258352,0.4833333333333334,1
0.058823529411764705,0.27272727272727276,0.42857142857142855,0.06521739130434781,0.031550068587105615,0.028629856850715785,0.111358574610245,0.06666666666666671,0
0.058823529411764705,0.16083916083916078,0.5204081632653061,0.25,0.12002743484224963,0.2822085889570553,0.13897550111358575,0.016666666666666663,0
0.11764705882352941,0.1048951048951049,0.4693877551020407,0.21739130434782605,0.12002743484224963,0.20040899795501027,0.22360801781737188,0.016666666666666663,0
0.4117647058823529,0.979020979020979,0.6734693877551019,0.2717391304347826,0.21193415637860083,0.441717791411043,0.16347438752783966,0.33333333333333337,1
0.3529411764705882,0.6153846153846154,0.48979591836734687,0.21739130434782605,0.2921810699588477,0.32106339468302664,0.07616926503340757,0.31666666666666665,0
0.0,0.34265734265734266,0.6734693877551019,0.21739130434782605,0.12002743484224963,0.23312883435582837,0.05033407572383074,0.41666666666666663,0
0.47058823529411764,0.30769230769230765,0.5306122448979591,0.21739130434782605,0.12002743484224963,0.4192229038854807,0.04721603563474387,0.35,0
0.058823529411764705,0.3286713286713287,0.061224489795918324,0.33695652173913043,0.093278463648834,0.5132924335378324,0.04409799554565701,0.20000000000000007,0
0.058823529411764705,0.3636363636363636,0.6530612244897958,0.13043478260869565,0.12002743484224963,0.18200408997955025,0.14075723830734965,0.050000000000000044,0
0.0,0.4685314685314685,0.48979591836734687,0.2717391304347826,0.21193415637860083,0.3701431492842537,0.0775055679287305,0.5166666666666667,1
0.6470588235294118,0.5594405594405594,0.6122448979591837,0.3043478260869565,0.15775034293552812,0.20654396728016372,0.07839643652561247,0.35,1
0.5882352941176471,0.5104895104895104,0.5306122448979591,0.2282608695652174,0.1467764060356653,0.36196319018404916,0.08730512249443208,0.30000000000000004,0
0.058823529411764705,0.8181818181818181,0.510204081632653,0.2717391304347826,0.21193415637860083,0.3803680981595093,0.0017817371937639132,0.2833333333333333,1
0.0,0.5244755244755244,0.42857142857142855,0.358695652173913,0.21193415637860083,0.32924335378323116,0.04988864142538975,0.016666666666666663,1
0.23529411764705882,0.5944055944055944,0.510204081632653,0.21739130434782605,0.12002743484224963,0.19222903885480586,0.07126948775055679,0.31666666666666665,0
0.0,0.5314685314685315,0.5510204081632653,0.21739130434782605,0.12002743484224963,0.29038854805725983,0.13763919821826281,0.0,0
0.1764705882352941,0.44755244755244755,0.4693877551020407,0.25,0.1646090534979424,0.5051124744376279,0.16391982182628062,0.15000000000000002,0
0.29411764705882354,0.3356643356643357,0.510204081632653,0.21739130434782605,0.12002743484224963,0.21676891615541932,0.03073496659242761,0.45000000000000007,0
0.4117647058823529,0.916083916083916,0.4489795918367347,0.34782608695652173,0.3964334705075445,0.3987730061349695,0.0757238307349666,0.33333333333333337,1
0.0,0.4405594405594406,0.42857142857142855,0.21739130434782605,0.12002743484224963,0.4212678936605318,0.0779510022271715,0.016666666666666663,0
0.5294117647058824,0.24475524475524474,0.4489795918367347,0.21739130434782605,0.12002743484224963,0.12269938650306755,0.051670378619153676,0.6166666666666667,0
0.058823529411764705,0.34965034965034963,0.5306122448979591,0.21739130434782605,0.12002743484224963,0.39468302658486715,0.05033407572383074,0.08333333333333337,0
0.29411764705882354,0.3636363636363636,0.48979591836734687,0.3913043478260869,0.08230452674897118,0.3660531697341514,0.07973273942093541,0.20000000000000007,0
0.058823529411764705,0.38461538461538464,0.6326530612244898,0.13043478260869565,0.12002743484224963,0.24335378323108398,0.026280623608017806,0.033333333333333326,0
0.7647058823529411,0.6223776223776223,0.5918367346938775,0.13043478260869565,0.13031550068587106,0.08179959100204504,0.07171492204899776,0.6,0
0.0,0.34265734265734266,0.4081632653061224,0.3695652173913043,0.17421124828532236,0.4764826175869122,0.0396436525612472,0.016666666666666663,0
0.1764705882352941,0.5104895104895104,0.693877551020408,0.4565217391304348,0.19204389574759945,0.37218813905930476,0.39376391982182624,0.18333333333333335,1
0.0,0.6293706293706294,0.5918367346938775,0.21739130434782605,0.12002743484224963,0.456032719836401,0.755902004454343,0.3833333333333333,0
0.1764705882352941,0.7132867132867131,0.5306122448979591,0.3152173913043478,0.3155006858710562,0.2740286298568508,0.3416481069042316,0.1166666666666667,1
0.0,0.31468531468531463,0.4081632653061224,0.10869565217391303,0.12002743484224963,0.057259713701431514,0.07483296213808463,0.0,0
0.5294117647058824,0.3216783216783217,0.5306122448979591,0.32608695652173914,0.21193415637860083,0.30061349693251543,0.25879732739420935,0.41666666666666663,1
0.058823529411764705,0.5734265734265733,0.5918367346938775,0.21739130434782605,0.12002743484224963,0.44785276073619645,0.06770601336302894,0.1166666666666667,0
0.5882352941176471,0.41258741258741255,0.5153061224489794,0.2717391304347826,0.21193415637860083,0.32924335378323116,0.07884187082405344,0.15000000000000002,1
0.058823529411764705,0.23076923076923078,0.0,0.13043478260869565,0.013717421124828526,0.196319018404908,0.2115812917594655,0.0,0
0.1764705882352941,0.4615384615384615,0.5510204081632653,0.21739130434782605,0.12002743484224963,0.09815950920245403,0.0757238307349666,0.31666666666666665,0
0.11764705882352941,0.0839160839160839,0.38775510204081626,0.06521739130434781,0.0,0.03885480572597144,0.07706013363028953,0.033333333333333326,0
0.4117647058823529,0.47552447552447547,0.4693877551020407,0.2826086956521739,0.2743484224965706,0.14928425357873215,0.03429844097995545,0.2666666666666667,0
0.0,0.7412587412587412,0.5306122448979591,0.532608695652174,0.1165980795610425,0.7157464212678939,0.30066815144766146,0.06666666666666671,1
0.11764705882352941,0.45454545454545453,0.4693877551020407,0.2717391304347826,0.10973936899862825,0.42740286298568525,0.3572383073496659,0.033333333333333326,0
0.0,0.30769230769230765,0.6530612244897958,0.5760869565217391,0.13031550068587106,0.5848670756646217,0.39109131403118036,0.16666666666666663,0
0.11764705882352941,0.17482517482517484,0.48979591836734687,0.08695652173913043,0.08367626886145403,0.24335378323108398,0.20623608017817374,0.06666666666666671,0
0.11764705882352941,0.34965034965034963,0.4081632653061224,0.3043478260869565,0.14266117969821673,0.2515337423312884,0.5861915367483296,0.21666666666666667,0
0.1764705882352941,0.47552447552447547,0.5714285714285714,0.2826086956521739,0.15775034293552812,0.3067484662576689,0.09844097995545657,0.08333333333333337,0
0.058823529411764705,0.5384615384615385,0.7959183673469385,0.2282608695652174,0.17146776406035666,0.29856850715746425,0.066815144766147,0.4,1
0.7647058823529411,0.5104895104895104,0.5153061224489794,0.25,0.21193415637860083,0.4437627811860942,0.21603563474387522,0.3833333333333333,1
0.1764705882352941,0.03496503496503495,0.5918367346938775,0.2282608695652174,0.12002743484224963,0.33128834355828224,0.0708240534521158,0.41666666666666663,0
0.1764705882352941,0.48251748251748255,0.3469387755102041,0.21739130434782605,0.12002743484224963,0.2740286298568508,0.029844097995545646,0.050000000000000044,0
0.0,0.4265734265734266,0.5714285714285714,0.2608695652173913,0.052126200274348417,0.5521472392638038,0.002227171492204895,0.050000000000000044,0
0.11764705882352941,0.4965034965034965,0.22448979591836732,0.15217391304347824,0.43895747599451296,0.33128834355828224,0.04097995545657014,0.016666666666666663,0
0.5294117647058824,0.6713286713286712,0.5510204081632653,0.2934782608695652,0.2139917695473251,0.3271983640081801,0.3603563474387528,0.20000000000000007,1
0.0,0.5734265734265733,0.5153061224489794,0.2717391304347826,0.21193415637860083,0.3701431492842537,0.37817371937639194,0.06666666666666671,1
0.23529411764705882,0.5244755244755244,0.4489795918367347,0.15217391304347824,0.20713305898491083,0.3047034764826177,0.033853006681514475,0.1166666666666667,0
0.29411764705882354,0.4615384615384615,0.6326530612244898,0.21739130434782605,0.12002743484224963,0.3374233128834358,0.09175946547884185,0.20000000000000007,0
0.11764705882352941,0.27272727272727276,0.3061224489795918,0.07608695652173914,0.10013717421124828,0.16155419222903894,0.29576837416481067,0.016666666666666663,0
0.0,0.7412587412587412,0.5306122448979591,0.3152173913043478,0.21193415637860083,0.6421267893660534,0.12472160356347438,0.08333333333333337,1
0.1764705882352941,0.8391608391608392,0.6326530612244898,0.21739130434782605,0.1934156378600823,0.30879345603271985,0.47661469933184847,0.5166666666666667,1
0.058823529411764705,0.6153846153846154,0.5918367346938775,0.358695652173913,0.12002743484224963,0.4723926380368099,0.23296213808463245,0.1166666666666667,0
0.11764705882352941,0.44755244755244755,0.3061224489795918,0.21739130434782605,0.12002743484224963,0.1758691206543968,0.16525612472160356,0.10000000000000003,0
0.0,0.8181818181818181,0.5510204081632653,0.2717391304347826,0.34293552812071326,0.5787321063394684,0.47884187082405344,0.6166666666666667,0
0.3529411764705882,0.5104895104895104,0.6734693877551019,0.0,0.4266117969821673,0.028629856850715785,0.22182628062360799,0.65,0
0.11764705882352941,0.0,0.32653061224489793,0.2282608695652174,0.04115226337448559,0.12269938650306755,0.11046770601336302,0.016666666666666663,0
0.11764705882352941,0.6923076923076923,0.28571428571428564,0.21739130434782605,0.7201646090534979,0.4192229038854807,0.06948775055679286,0.06666666666666671,1
0.11764705882352941,0.38461538461538464,0.3673469387755101,0.21739130434782605,0.12002743484224963,0.16359918200409002,0.11536748329621381,0.033333333333333326,0
0.058823529411764705,0.3286713286713287,0.5714285714285714,0.043478260869565216,0.09190672153635115,0.024539877300613522,0.18129175946547882,0.016666666666666663,0
0.3529411764705882,0.40559440559440557,0.6530612244897958,0.21739130434782605,0.12002743484224963,0.196319018404908,0.07260579064587973,0.7500000000000001,0
0.1764705882352941,0.3566433566433566,0.38775510204081626,0.06521739130434781,0.045267489711934145,0.0961145194274029,0.26458797327394207,0.033333333333333326,1
0.47058823529411764,0.8881118881118881,0.4081632653061224,0.2717391304347826,0.21193415637860083,0.10429447852760743,0.2619153674832962,0.18333333333333335,1
0.23529411764705882,0.6013986013986015,0.6326530612244898,0.2717391304347826,0.21193415637860083,0.5276073619631902,0.24988864142538975,0.016666666666666663,1
0.058823529411764705,0.5034965034965035,0.5918367346938775,0.10869565217391303,0.23045267489711932,0.19018404907975467,0.013808463251670379,0.016666666666666663,0
0.11764705882352941,0.5174825174825175,0.7346938775510203,0.21739130434782605,0.12002743484224963,0.08997955010224956,0.08195991091314031,0.0,0
0.3529411764705882,0.2587412587412587,0.2653061224489796,0.25,0.0672153635116598,0.21472392638036814,0.12115812917594652,0.033333333333333326,0
0.0,0.3216783216783217,0.5510204081632653,0.358695652173913,0.10288065843621398,0.3333333333333334,0.0685968819599109,0.050000000000000044,0
0.8235294117647058,0.8321678321678321,0.38775510204081626,0.25,0.21193415637860083,0.3149284253578733,0.05701559020044543,0.2833333333333333,1
0.058823529411764705,0.4265734265734266,0.6530612244897958,0.18478260869565216,0.1783264746227709,0.3333333333333334,0.1420935412026726,0.31666666666666665,1
0.5294117647058824,0.47552447552447547,0.4693877551020407,0.2826086956521739,0.5308641975308641,0.35173824130879355,0.088195991091314,0.21666666666666667,0
0.058823529411764705,0.7552447552447552,0.5918367346938775,0.3913043478260869,0.07133058984910835,0.29856850715746425,0.11447661469933186,0.4833333333333334,0
0.47058823529411764,0.6083916083916083,0.42857142857142855,0.2717391304347826,0.21193415637860083,0.34151329243353795,0.020044543429844096,0.33333333333333337,1
0.11764705882352941,0.3006993006993007,0.4693877551020407,0.09782608695652173,0.03978052126200274,0.04498977505112478,0.06726057906458796,0.10000000000000003,0
0.11764705882352941,0.3006993006993007,0.3673469387755101,0.10869565217391303,0.19890260631001372,0.37627811860940713,0.16436525612472158,0.0,0
0.0,0.19580419580419578,0.4081632653061224,0.16304347826086957,0.0699588477366255,0.35991820040899797,0.20534521158129176,0.0,0
0.47058823529411764,0.3636363636363636,0.4693877551020407,0.2717391304347826,0.21193415637860083,0.2515337423312884,0.38797327394209347,0.20000000000000007,1
0.47058823529411764,0.20279720279720276,0.31632653061224486,0.14130434782608695,0.12002743484224963,0.12678936605316976,0.02316258351893096,0.35,0
0.7058823529411764,0.34965034965034963,0.5714285714285714,0.21739130434782605,0.12002743484224963,0.11042944785276082,0.023608017817371943,0.3833333333333333,0
0.5294117647058824,0.23076923076923078,0.38775510204081626,0.21739130434782605,0.12002743484224963,0.08793456032719843,0.02583518930957683,0.20000000000000007,0
0.7058823529411764,0.45454545454545453,0.5510204081632653,0.10869565217391303,0.12002743484224963,0.16973415132924347,0.0779510022271715,0.6833333333333332,0
0.11764705882352941,0.4265734265734266,0.6734693877551019,0.13043478260869565,0.07681755829903977,0.1431492842535788,0.1020044543429844,0.0,0
0.058823529411764705,0.1048951048951049,0.24489795918367346,0.11956521739130432,0.08367626886145403,0.04498977505112478,0.1064587973273942,0.016666666666666663,0
0.0,0.31468531468531463,0.5306122448979591,0.21739130434782605,0.12002743484224963,0.357873210633947,0.05077951002227171,0.08333333333333337,0
0.0,0.3986013986013986,0.5714285714285714,0.09782608695652173,0.12002743484224963,0.2617586912065441,0.35189309576837413,0.0,0
0.11764705882352941,0.21678321678321683,0.3469387755102041,0.09782608695652173,0.050754458161865565,0.2965235173824133,0.03652561247216035,0.06666666666666671,0
0.11764705882352941,0.6153846153846154,0.3469387755102041,0.2826086956521739,0.1646090534979424,0.2740286298568508,0.15055679287305118,0.06666666666666671,1
0.3529411764705882,0.37062937062937057,0.3673469387755101,0.21739130434782605,0.12002743484224963,0.13905930470347655,0.05434298440979954,0.10000000000000003,0
0.1764705882352941,0.5314685314685315,0.5714285714285714,0.2717391304347826,0.21193415637860083,0.33128834355828224,0.14164810690423163,0.3833333333333333,1
0.1764705882352941,0.916083916083916,0.4693877551020407,0.16304347826086957,0.2537722908093278,0.37218813905930476,0.1443207126948775,0.25,1
0.23529411764705882,0.37762237762237766,0.693877551020408,0.21739130434782605,0.12002743484224963,0.39672801635991833,0.04766146993318485,0.15000000000000002,0
0.47058823529411764,0.3566433566433566,0.5714285714285714,0.21739130434782605,0.12002743484224963,0.13087934560327202,0.3438752783964365,0.21666666666666667,0
0.47058823529411764,0.30769230769230765,0.510204081632653,0.358695652173913,0.2743484224965706,0.4335378323108386,0.2570155902004454,0.3666666666666667,1
0.1764705882352941,0.18181818181818182,0.4693877551020407,0.21739130434782605,0.12002743484224963,0.0593047034764827,0.13585746102449886,0.06666666666666671,0
0.4117647058823529,0.5594405594405594,0.510204081632653,0.20652173913043476,0.1646090534979424,0.15950920245398775,0.25077951002227167,0.5,0
0.29411764705882354,0.7692307692307692,0.5306122448979591,0.2717391304347826,0.21193415637860083,0.5623721881390595,0.11403118040089087,0.10000000000000003,1
0.6470588235294118,0.6923076923076923,0.5306122448979591,0.2282608695652174,0.18518518518518517,0.30879345603271985,0.5652561247216036,0.5,1
0.29411764705882354,0.5594405594405594,0.5918367346938775,0.21739130434782605,0.12002743484224963,0.24335378323108398,0.24766146993318483,0.7999999999999999,0
0.058823529411764705,0.4405594405594406,0.6326530612244898,0.34782608695652173,0.28120713305898487,0.5603271983640083,0.3224944320712695,0.13333333333333336,1
0.1764705882352941,0.3216783216783217,0.510204081632653,0.21739130434782605,0.12002743484224963,0.2310838445807772,0.016481069042316256,0.18333333333333335,0
0.3529411764705882,0.20279720279720276,0.5510204081632653,0.21739130434782605,0.12002743484224963,0.26584867075664625,0.13273942093541202,0.35,0
0.23529411764705882,0.6643356643356644,0.6734693877551019,0.33695652173913043,0.12002743484224963,0.23517382413087945,0.09354120267260578,0.25,0
0.5294117647058824,0.7972027972027971,0.510204081632653,0.2608695652173913,0.21193415637860083,0.5276073619631902,0.1420935412026726,0.3666666666666667,1
0.1764705882352941,0.3286713286713287,0.48979591836734687,0.25,0.18792866941015088,0.19222903885480586,0.28775055679287304,0.10000000000000003,0
0.058823529411764705,0.47552447552447547,0.3673469387755101,0.2717391304347826,0.12002743484224963,0.35991820040899797,0.19153674832962136,0.0,0
0.11764705882352941,0.3916083916083916,0.4489795918367347,0.16304347826086957,0.10836762688614539,0.325153374233129,0.10289532293986635,0.08333333333333337,0
0.0,0.48951048951048953,0.6122448979591837,0.2391304347826087,0.2743484224965706,0.25562372188139065,0.19420935412026724,0.050000000000000044,0
0.23529411764705882,0.4265734265734266,0.38775510204081626,0.05434782608695651,0.21193415637860083,0.23517382413087945,0.13184855233853005,0.15000000000000002,1
0.11764705882352941,0.3636363636363636,0.5714285714285714,0.2717391304347826,0.21193415637860083,0.17995910020449907,0.0779510022271715,0.5166666666666667,1
0.23529411764705882,0.24475524475524474,0.4693877551020407,0.2717391304347826,0.10013717421124828,0.3047034764826177,0.16124721603563474,0.016666666666666663,0
0.058823529411764705,0.6083916083916083,0.510204081632653,0.16304347826086957,0.06310013717421124,0.16359918200409002,0.07661469933184854,0.0,0
0.1764705882352941,0.41258741258741255,0.42857142857142855,0.34782608695652173,0.17146776406035666,0.40695296523517394,0.02939866369710467,0.1166666666666667,0
0.058823529411764705,0.11888111888111891,0.2653061224489796,0.032608695652173905,0.12002743484224963,0.09815950920245403,0.0730512249443207,0.0,0
0.11764705882352941,0.17482517482517484,0.3673469387755101,0.16304347826086957,0.12002743484224963,0.19427402862985693,0.09175946547884185,0.06666666666666671,0
0.0,0.37062937062937057,0.6530612244897958,0.25,0.21193415637860083,0.2924335378323109,0.3434298440979955,0.2833333333333333,1
0.11764705882352941,0.41258741258741255,0.4081632653061224,0.16304347826086957,0.12002743484224963,0.25766871165644184,0.15011135857461022,0.0,0
0.11764705882352941,0.5804195804195804,0.5204081632653061,0.21739130434782605,0.12002743484224963,0.15132924335378334,0.03697104677060134,0.13333333333333336,0
0.0,0.9230769230769229,0.5918367346938775,0.07608695652173914,0.23319615912208505,0.2822085889570553,0.266369710467706,0.016666666666666663,1
0.29411764705882354,0.5034965034965035,0.5714285714285714,0.21739130434782605,0.12002743484224963,0.3353783231083846,0.026726057906458794,0.4,0
0.5882352941176471,0.5804195804195804,0.5714285714285714,0.21739130434782605,0.12002743484224963,0.18200408997955025,0.6044543429844098,0.6,0
0.058823529411764705,0.2237762237762238,0.061224489795918324,0.3804347826086956,0.11522633744855966,0.7525562372188142,0.18351893095768373,0.08333333333333337,1
0.29411764705882354,0.5874125874125875,0.5714285714285714,0.2717391304347826,0.21193415637860083,0.4662576687116566,0.11670378619153672,0.2666666666666667,1
0.3529411764705882,0.3286713286713287,0.42857142857142855,0.21739130434782605,0.12002743484224963,0.12474437627811868,0.07349665924276169,0.13333333333333336,0
0.47058823529411764,0.6923076923076923,0.38775510204081626,0.20652173913043476,0.6584362139917694,0.3231083844580778,0.2044543429844098,0.41666666666666663,1
0.5882352941176471,0.86013986013986,0.4693877551020407,0.21739130434782605,0.12002743484224963,0.3456032719836402,0.051670378619153676,0.2666666666666667,0
0.058823529411764705,0.37062937062937057,0.32653061224489793,0.15217391304347824,0.1646090534979424,0.1431492842535788,0.33363028953229396,0.033333333333333326,0
0.29411764705882354,0.5804195804195804,0.5714285714285714,0.3043478260869565,0.19890260631001372,0.2740286298568508,0.12338530066815144,0.06666666666666671,1
0.29411764705882354,0.4265734265734266,0.6326530612244898,0.25,0.12345679012345677,0.42740286298568525,0.07438752783964364,0.35,0
0.29411764705882354,0.41258741258741255,0.7551020408163265,0.2717391304347826,0.21193415637860083,0.7096114519427406,0.05567928730512249,0.1166666666666667,1
0.5882352941176471,0.2517482517482517,0.38775510204081626,0.21739130434782605,0.12002743484224963,0.15746421267893668,0.03697104677060134,0.16666666666666663,0
0.5882352941176471,0.3636363636363636,0.42857142857142855,0.2717391304347826,0.21193415637860083,0.29038854805725983,0.08374164810690424,0.35,1
0.11764705882352941,0.37062937062937057,0.693877551020408,0.21739130434782605,0.12002743484224963,0.5010224948875257,0.3389755011135857,0.55,0
0.058823529411764705,0.48251748251748255,0.4693877551020407,0.18478260869565216,0.13031550068587106,0.12474437627811868,0.061024498886414244,0.06666666666666671,0
0.1764705882352941,0.5944055944055944,0.5153061224489794,0.2717391304347826,0.21193415637860083,0.2413087934560328,0.3015590200445434,0.10000000000000003,1
0.058823529411764705,0.2237762237762238,0.38775510204081626,0.18478260869565216,0.03978052126200274,0.2392638036809816,0.15055679287305118,0.033333333333333326,0
0.0,0.6713286713286712,0.5918367346938775,0.34782608695652173,0.3525377229080932,0.4764826175869122,0.08285077951002227,0.10000000000000003,0
0.11764705882352941,0.20279720279720276,0.4183673469387755,0.21739130434782605,0.12002743484224963,0.43762781186094085,0.376837416481069,0.10000000000000003,0
0.29411764705882354,0.3006993006993007,0.3061224489795918,0.2282608695652174,0.093278463648834,0.3231083844580778,0.18485523385300667,0.15000000000000002,0
0.5294117647058824,0.4615384615384615,0.32653061224489793,0.2717391304347826,0.21193415637860083,0.30879345603271985,0.45879732739420936,0.20000000000000007,1
0.0,0.24475524475524474,0.5714285714285714,0.21739130434782605,0.12002743484224963,0.29038854805725983,0.23028953229398658,0.10000000000000003,0
0.5294117647058824,0.7552447552447552,0.5510204081632653,0.2717391304347826,0.21193415637860083,0.29856850715746425,0.028507795100222708,0.4,1
0.23529411764705882,0.5034965034965035,0.4693877551020407,0.21739130434782605,0.12002743484224963,0.32924335378323116,0.0975501113585746,0.050000000000000044,0
0.11764705882352941,0.31468531468531463,0.3469387755102041,0.3043478260869565,0.10288065843621398,0.07361963190184057,0.03162583518930957,0.016666666666666663,0
0.058823529411764705,0.2867132867132867,0.42857142857142855,0.08695652173913043,0.17146776406035666,0.1022494887525563,0.17951002227171492,0.016666666666666663,0
0.29411764705882354,0.7132867132867131,0.4693877551020407,0.21739130434782605,0.12002743484224963,0.23721881390593053,0.05478841870824053,0.7000000000000001,0
0.058823529411764705,0.5804195804195804,0.22448979591836732,0.13043478260869565,0.093278463648834,0.21472392638036814,0.25389755011135856,0.016666666666666663,0
0.47058823529411764,0.37062937062937057,0.5306122448979591,0.34782608695652173,0.13580246913580246,0.1983640081799592,0.24766146993318483,0.16666666666666663,1
0.1764705882352941,0.7132867132867131,0.4081632653061224,0.06521739130434781,0.5102880658436213,0.26584867075664625,0.09398663697104677,0.050000000000000044,0
0.23529411764705882,0.40559440559440557,0.4183673469387755,0.21739130434782605,0.12002743484224963,0.07566462167689164,0.155011135857461,0.2666666666666667,0
0.0,0.846153846153846,0.3673469387755101,0.2391304347826087,0.635116598079561,0.3353783231083846,0.44008908685968817,0.0,1
0.058823529411764705,0.7832167832167831,0.6530612244897958,0.2391304347826087,0.21193415637860083,0.343558282208589,0.36570155902004453,0.5166666666666667,1
0.5882352941176471,0.5384615384615385,0.4489795918367347,0.21739130434782605,0.12002743484224963,0.17995910020449907,0.07171492204899776,0.25,0
0.058823529411764705,0.4405594405594406,0.3061224489795918,0.06521739130434781,0.04801097393689985,0.08384458077709617,0.053897550111358564,0.050000000000000044,0
0.23529411764705882,0.27272727272727276,0.4693877551020407,0.2717391304347826,0.12002743484224963,0.2842535787321065,0.23518930957683737,0.050000000000000044,0
0.4117647058823529,0.17482517482517484,0.5510204081632653,0.358695652173913,0.045267489711934145,0.5828220858895707,0.07884187082405344,0.35,0
0.058823529411764705,0.21678321678321683,0.3673469387755101,0.32608695652173914,0.08230452674897118,0.3885480572597139,0.18930957683741645,0.016666666666666663,0
0.058823529411764705,0.4405594405594406,0.6530612244897958,0.3695652173913043,0.21262002743484223,0.5541922290388548,0.18841870824053453,0.08333333333333337,0
0.1764705882352941,0.881118881118881,0.510204081632653,0.2717391304347826,0.21193415637860083,0.2515337423312884,0.11625835189309576,0.13333333333333336,1
0.0,0.5664335664335665,0.16326530612244894,0.3043478260869565,0.20987654320987653,0.5092024539877302,0.9817371937639197,0.20000000000000007,1
0.3529411764705882,0.3216783216783217,0.5918367346938775,0.2717391304347826,0.21193415637860083,0.25766871165644184,0.04276169265033407,0.25,1
0.11764705882352941,0.2517482517482517,0.5306122448979591,0.14130434782608695,0.12002743484224963,0.12269938650306755,0.7189309576837416,0.1166666666666667,0
0.0,0.34265734265734266,0.4489795918367347,0.16304347826086957,0.12002743484224963,0.03680981595092031,0.06770601336302894,0.016666666666666663,0
0.4117647058823529,0.2657342657342657,0.4081632653061224,0.19565217391304346,0.0877914951989026,0.30879345603271985,0.29131403118040083,0.33333333333333337,0
0.11764705882352941,0.4615384615384615,0.3673469387755101,0.11956521739130432,0.12482853223593963,0.23721881390593053,0.28195991091314027,0.016666666666666663,0
0.3529411764705882,0.5454545454545454,0.5714285714285714,0.32608695652173914,0.48696844993141286,0.5725971370143152,0.0685968819599109,0.41666666666666663,1
0.47058823529411764,0.7762237762237763,0.8367346938775508,0.42391304347826086,0.2962962962962963,0.39672801635991833,0.03608017817371938,0.3666666666666667,1
0.3529411764705882,0.5664335664335665,0.3775510204081632,0.21739130434782605,0.12002743484224963,0.12269938650306755,0.029844097995545646,0.5666666666666667,0
0.058823529411764705,0.7062937062937062,0.48979591836734687,0.15217391304347824,0.20987654320987653,0.15132924335378334,0.017371937639198212,0.050000000000000044,0
0.29411764705882354,0.27972027972027974,0.510204081632653,0.11956521739130432,0.07133058984910835,0.3149284253578733,0.40668151447661466,0.3666666666666667,0
0.0,0.5104895104895104,0.5714285714285714,0.21739130434782605,0.12002743484224963,0.26584867075664625,0.27572383073496654,0.13333333333333336,0
0.7647058823529411,0.48951048951048953,0.6734693877551019,0.2717391304347826,0.21193415637860083,0.5153374233128836,0.22227171492204895,0.35,1
0.23529411764705882,0.6993006993006992,0.5204081632653061,0.2717391304347826,0.21193415637860083,0.6155419222903886,0.0685968819599109,0.18333333333333335,1
0.11764705882352941,0.30769230769230765,0.42857142857142855,0.14130434782608695,0.10288065843621398,0.30061349693251543,0.34877505567928724,0.1166666666666667,1
0.23529411764705882,0.41258741258741255,0.48979591836734687,0.2717391304347826,0.21193415637860083,0.2188139059304704,0.13006681514476615,0.41666666666666663,1
0.5882352941176471,0.41258741258741255,0.4693877551020407,0.21739130434782605,0.12002743484224963,0.34969325153374237,0.022271714922048998,0.13333333333333336,0
0.23529411764705882,0.7132867132867131,0.5510204081632653,0.2717391304347826,0.21193415637860083,0.30061349693251543,0.32026726057906457,0.16666666666666663,1
0.3529411764705882,0.6363636363636362,0.5714285714285714,0.2717391304347826,0.21193415637860083,0.2310838445807772,0.041870824053452105,0.4833333333333334,1
0.29411764705882354,0.37062937062937057,0.5204081632653061,0.20652173913043476,0.12002743484224963,0.36400817995910034,0.20579064587973273,0.65,0
0.1764705882352941,0.21678321678321683,0.3673469387755101,0.11956521739130432,0.12002743484224963,0.07361963190184057,0.16035634743875277,0.0,0
0.11764705882352941,0.8251748251748252,0.6530612244897958,0.32608695652173914,0.1440329218106996,0.537832310838446,0.2503340757238307,0.050000000000000044,1
0.47058823529411764,0.44755244755244755,0.6326530612244898,0.2717391304347826,0.21193415637860083,0.2085889570552148,0.0779510022271715,0.016666666666666663,1
0.11764705882352941,0.34265734265734266,0.5714285714285714,0.41304347826086957,0.24142661179698213,0.3169734151329245,0.2792873051224944,0.13333333333333336,1
0.0,0.34265734265734266,0.6122448979591837,0.2717391304347826,0.21193415637860083,0.1983640081799592,0.2926503340757238,0.6833333333333332,1
0.4117647058823529,0.5104895104895104,0.4489795918367347,0.4565217391304348,0.15089163237311384,0.41513292433537846,0.15812917594654785,0.3666666666666667,1
0.0,0.2587412587412587,0.3673469387755101,0.19565217391304346,0.10562414266117968,0.21472392638036814,0.199554565701559,0.016666666666666663,0
0.29411764705882354,0.6083916083916083,0.5510204081632653,0.21739130434782605,0.12002743484224963,0.5480572597137017,0.04721603563474387,0.43333333333333335,0
0.0,0.24475524475524474,0.4489795918367347,0.2717391304347826,0.2674897119341563,0.4437627811860942,0.13229398663697106,0.06666666666666671,0
0.1764705882352941,0.5804195804195804,0.3061224489795918,0.2717391304347826,0.21193415637860083,0.15132924335378334,0.14164810690423163,0.016666666666666663,1
0.29411764705882354,0.27272727272727276,0.48979591836734687,0.2826086956521739,0.12002743484224963,0.3987730061349695,0.12739420935412027,0.10000000000000003,0
0.11764705882352941,0.34965034965034963,0.32653061224489793,0.21739130434782605,0.205761316872428,0.22085889570552159,0.15233853006681514,0.016666666666666663,0
0.058823529411764705,0.5174825174825175,0.3673469387755101,0.17391304347826086,0.21262002743484223,0.21267893660531706,0.27082405345211574,0.0,0
0.11764705882352941,0.4405594405594406,0.4693877551020407,0.21739130434782605,0.12002743484224963,0.028629856850715785,0.33318485523385294,0.85,0
0.11764705882352941,0.4615384615384615,0.28571428571428564,0.3913043478260869,0.19615912208504802,0.3680981595092026,0.3260579064587973,0.1166666666666667,0
0.23529411764705882,0.4615384615384615,0.4489795918367347,0.21739130434782605,0.12002743484224963,0.343558282208589,0.13808463251670378,0.13333333333333336,0
0.0,0.2587412587412587,0.3673469387755101,0.21739130434782605,0.12002743484224963,0.34969325153374237,0.07973273942093541,0.06666666666666671,0
0.0,0.5104895104895104,0.8775510204081631,0.42391304347826086,0.15775034293552812,1.0000000000000002,0.10467706013363028,0.08333333333333337,1
0.5882352941176471,0.13286713286713286,0.5918367346938775,0.21739130434782605,0.12002743484224963,0.30879345603271985,0.07973273942093541,0.2833333333333333,0
0.058823529411764705,0.16083916083916078,0.3673469387755101,0.3804347826086956,0.045267489711934145,0.5173824130879348,0.26458797327394207,0.033333333333333326,0
0.29411764705882354,0.45454545454545453,0.48979591836734687,0.17391304347826086,0.13305898491083676,0.16359918200409002,0.07171492204899776,0.15000000000000002,0
0.058823529411764705,0.6083916083916083,0.6122448979591837,0.17391304347826086,0.40466392318244165,0.4948875255623723,0.4418708240534521,0.016666666666666663,0
0.0,0.5804195804195804,0.38775510204081626,0.10869565217391303,0.2674897119341563,0.07975460122699396,0.05478841870824053,0.0,0
0.5882352941176471,0.23776223776223776,0.6224489795918366,0.2717391304347826,0.21193415637860083,0.34151329243353795,0.3300668151447661,0.5833333333333334,1
0.058823529411764705,0.2867132867132867,0.4081632653061224,0.13043478260869565,0.09190672153635115,0.0,0.09576837416481067,0.0,0
0.23529411764705882,0.3006993006993007,0.4489795918367347,0.33695652173913043,0.12002743484224963,0.29856850715746425,0.02717149220489977,0.20000000000000007,0
0.11764705882352941,0.13286713286713286,0.4081632653061224,0.18478260869565216,0.05486968449931412,0.23517382413087945,0.12739420935412027,0.20000000000000007,0
0.29411764705882354,0.5664335664335665,0.857142857142857,0.2717391304347826,0.21193415637860083,0.6257668711656443,0.06369710467706013,0.2666666666666667,1
0.3529411764705882,0.6433566433566433,0.48979591836734687,0.3043478260869565,0.21193415637860083,0.3149284253578733,0.24187082405345206,0.4833333333333334,1
0.47058823529411764,0.44755244755244755,0.5153061224489794,0.2717391304347826,0.21193415637860083,0.2413087934560328,0.04409799554565701,0.2833333333333333,1
0.3529411764705882,0.2937062937062937,0.3469387755102041,0.2826086956521739,0.24005486968449932,0.3231083844580778,0.15412026726057904,0.3666666666666667,0
0.11764705882352941,0.1888111888111888,0.4183673469387755,0.2282608695652174,0.0699588477366255,0.3803680981595093,0.24276169265033404,0.050000000000000044,0
0.058823529411764705,0.41958041958041953,0.4693877551020407,0.2282608695652174,0.12002743484224963,0.18813905930470348,0.05345211581291759,0.0,0
0.058823529411764705,0.30769230769230765,0.510204081632653,0.05434782608695651,0.04252400548696844,0.026584867075664653,0.028953229398663696,0.1166666666666667,0
0.5294117647058824,0.44755244755244755,0.48979591836734687,0.16304347826086957,0.05624142661179697,0.053169734151329306,0.289086859688196,0.45000000000000007,0
0.5294117647058824,0.4685314685314685,0.4693877551020407,0.40217391304347827,0.10836762688614539,0.3047034764826177,0.12917594654788417,0.31666666666666665,0
0.4117647058823529,0.916083916083916,0.2653061224489796,0.2826086956521739,0.5171467764060356,0.32106339468302664,0.33051224944320706,0.21666666666666667,1
0.1764705882352941,0.4685314685314685,0.7755102040816326,0.3043478260869565,0.30864197530864196,0.7995910020449899,0.35456570155902,0.016666666666666663,0
0.058823529411764705,0.30769230769230765,0.42857142857142855,0.2391304347826087,0.2482853223593964,0.2822085889570553,0.16035634743875277,0.35,0
0.7058823529411764,0.2517482517482517,0.38775510204081626,0.0,0.3333333333333333,0.19222903885480586,0.3750556792873051,0.3833333333333333,1
0.29411764705882354,0.5314685314685315,0.5714285714285714,0.21739130434782605,0.12002743484224963,0.1758691206543968,0.045434298440979945,0.7999999999999999,0
0.7058823529411764,0.19580419580419578,0.48979591836734687,0.2608695652173913,0.21193415637860083,0.23517382413087945,0.09487750556792872,0.41666666666666663,1
0.23529411764705882,0.27972027972027974,0.32653061224489793,0.10869565217391303,0.046639231824416996,0.053169734151329306,0.11403118040089087,0.08333333333333337,0
0.29411764705882354,0.5804195804195804,0.4081632653061224,0.3043478260869565,0.17146776406035666,0.21267893660531706,0.14565701559020044,0.08333333333333337,0
0.29411764705882354,0.41958041958041953,0.510204081632653,0.21739130434782605,0.12002743484224963,0.15132924335378334,0.05211581291759465,0.15000000000000002,0
0.23529411764705882,0.20279720279720276,0.3469387755102041,0.16304347826086957,0.046639231824416996,0.196319018404908,0.09888641425389753,0.1166666666666667,0
0.23529411764705882,0.38461538461538464,0.48979591836734687,0.4347826086956521,0.2633744855967078,0.38650306748466273,0.5817371937639197,0.5833333333333334,1
0.4117647058823529,0.6573426573426573,0.42857142857142855,0.3804347826086956,0.44855967078189296,0.3374233128834358,0.2824053452115812,0.35,0
0.29411764705882354,0.6153846153846154,0.5918367346938775,0.20652173913043476,0.37037037037037035,0.2822085889570553,0.16391982182628062,0.6166666666666667,1
0.0,0.4335664335664336,0.6122448979591837,0.4347826086956521,0.2949245541838134,0.5644171779141105,0.20801781737193764,0.16666666666666663,1
1.0,0.7482517482517481,0.48979591836734687,0.3695652173913043,0.13580246913580246,0.4642126789366054,0.32650334075723825,0.43333333333333335,1
0.4117647058823529,0.4405594405594406,0.4693877551020407,0.21739130434782605,0.12002743484224963,0.1431492842535788,0.05567928730512249,0.2666666666666667,0
0.47058823529411764,0.8391608391608392,0.6734693877551019,0.2934782608695652,0.3909465020576131,0.3169734151329245,0.1706013363028953,0.6166666666666667,1
0.058823529411764705,0.27272727272727276,0.5918367346938775,0.19565217391304346,0.22633744855967078,0.343558282208589,0.06636971046770601,0.3666666666666667,1
0.5294117647058824,0.5174825174825175,0.4693877551020407,0.2717391304347826,0.21193415637860083,0.3271983640081801,0.2530066815144766,0.4,1
0.058823529411764705,0.16083916083916078,0.5714285714285714,0.19565217391304346,0.030178326474622767,0.14723926380368096,0.22227171492204895,0.016666666666666663,0
0.23529411764705882,0.48251748251748255,0.5714285714285714,0.2717391304347826,0.21193415637860083,0.28834355828220865,0.20133630289532295,0.10000000000000003,1
0.29411764705882354,0.14685314685314682,0.5918367346938775,0.3695652173913043,0.037037037037037035,0.35991820040899797,0.03207126948775055,0.2333333333333334,0
0.4117647058823529,0.7342657342657342,0.6326530612244898,0.2717391304347826,0.21193415637860083,0.24948875255623731,0.03608017817371938,0.43333333333333335,1
0.3529411764705882,0.2517482517482517,0.38775510204081626,0.2717391304347826,0.1522633744855967,0.2822085889570553,0.00044543429844098176,0.41666666666666663,0
0.0,0.6363636363636362,0.6224489795918366,0.5108695652173912,0.12002743484224963,0.5030674846625767,0.12962138084632513,0.050000000000000044,0
0.0,0.3356643356643357,0.4081632653061224,0.17391304347826086,0.13854595336076816,0.196319018404908,0.1648106904231626,0.033333333333333326,0
0.1764705882352941,0.3006993006993007,0.3061224489795918,0.13043478260869565,0.09739368998628256,0.15132924335378334,0.031180400890868598,0.050000000000000044,0
0.1764705882352941,0.48951048951048953,0.6530612244897958,0.3695652173913043,0.3017832647462277,0.4314928425357874,0.2761692650334075,0.10000000000000003,0
0.1764705882352941,0.8251748251748252,0.3469387755102041,0.16304347826086957,0.24554183813443073,0.30061349693251543,0.22672605790645878,0.25,1
0.0,0.20979020979020974,0.4489795918367347,0.2717391304347826,0.12002743484224963,0.35991820040899797,0.0685968819599109,0.06666666666666671,0
0.4117647058823529,0.3286713286713287,0.42857142857142855,0.2717391304347826,0.21193415637860083,0.42740286298568525,0.11581291759465477,0.16666666666666663,1
0.47058823529411764,0.1258741258741259,0.4693877551020407,0.358695652173913,0.046639231824416996,0.34969325153374237,0.2766146993318485,0.30000000000000004,0
0.1764705882352941,0.5174825174825175,0.4081632653061224,0.21739130434782605,0.12002743484224963,0.10020449897750522,0.10244988864142539,0.016666666666666663,0
0.0,0.1538461538461538,0.6530612244897958,0.2391304347826087,0.03429355281207133,0.38241308793456036,0.155902004454343,0.0,0
0.1764705882352941,0.38461538461538464,0.6734693877551019,0.05434782608695651,0.08641975308641975,0.2085889570552148,0.18307349665924277,0.13333333333333336,0
0.058823529411764705,0.24475524475524474,0.4081632653061224,0.18478260869565216,0.12002743484224963,0.22494887525562374,0.048106904231625836,0.0,0
0.11764705882352941,0.5944055944055944,0.3469387755102041,0.2934782608695652,0.1550068587105624,0.14723926380368096,0.27394209354120264,0.050000000000000044,0
0.11764705882352941,0.3006993006993007,0.28571428571428564,0.08695652173913043,0.10836762688614539,0.13087934560327202,0.2463251670378619,0.0,0
0.6470588235294118,0.5734265734265733,0.5306122448979591,0.21739130434782605,0.12002743484224963,0.3067484662576689,0.14966592427616926,0.2333333333333334,0
0.0,0.5944055944055944,0.6122448979591837,0.20652173913043476,0.12002743484224963,0.29038854805725983,0.15545657015590197,0.016666666666666663,0
0.058823529411764705,0.2517482517482517,0.38775510204081626,0.19565217391304346,0.03566529492455418,0.026584867075664653,0.17728285077951,0.06666666666666671,0
0.1764705882352941,0.1888111888111888,0.3469387755102041,0.2608695652173913,0.004115226337448558,0.32924335378323116,0.11224944320712694,0.06666666666666671,0
0.29411764705882354,0.5174825174825175,0.5918367346938775,0.2717391304347826,0.21193415637860083,0.42740286298568525,0.3884187082405345,0.2666666666666667,1
0.058823529411764705,0.27272727272727276,0.510204081632653,0.15217391304347824,0.07956104252400548,0.15746421267893668,0.2623608017817372,0.25,0
0.058823529411764705,0.18181818181818182,0.4081632653061224,0.06521739130434781,0.10973936899862825,0.06134969325153378,0.14743875278396434,0.033333333333333326,0
0.0,0.6643356643356644,0.6734693877551019,0.42391304347826086,0.21193415637860083,0.48875255623721897,0.12783964365256123,0.0,1
0.4117647058823529,0.8741258741258742,0.6122448979591837,0.15217391304347824,0.242798353909465,0.36196319018404916,0.22360801781737188,0.5,1
0.1764705882352941,0.23076923076923078,0.510204081632653,0.09782608695652173,0.09602194787379971,0.24948875255623731,0.20801781737193764,0.2833333333333333,0
0.3529411764705882,0.40559440559440557,0.4693877551020407,0.21739130434782605,0.12002743484224963,0.24335378323108398,0.0467706013363029,0.08333333333333337,0
0.11764705882352941,0.3636363636363636,0.4081632653061224,0.21739130434782605,0.12002743484224963,0.25766871165644184,0.03296213808463251,0.0,0
0.058823529411764705,0.21678321678321683,0.5510204081632653,0.21739130434782605,0.0233196159122085,0.3353783231083846,0.007572383073496662,0.016666666666666663,0
0.23529411764705882,0.27272727272727276,0.4081632653061224,0.2717391304347826,0.21193415637860083,0.2822085889570553,0.03429844097995545,0.16666666666666663,1
0.23529411764705882,0.40559440559440557,0.4081632653061224,0.21739130434782605,0.12002743484224963,0.2188139059304704,0.018708240534521157,0.050000000000000044,0
0.11764705882352941,0.5104895104895104,0.4693877551020407,0.21739130434782605,0.12002743484224963,0.41513292433537846,0.09799554565701558,0.33333333333333337,0
0.0,0.6293706293706294,0.4693877551020407,0.2717391304347826,0.21193415637860083,0.4028629856850717,0.111358574610245,0.1166666666666667,1
0.29411764705882354,0.20979020979020974,0.4489795918367347,0.2282608695652174,0.07681755829903977,0.24539877300613505,0.12472160356347438,0.050000000000000044,0
0.11764705882352941,0.4335664335664336,0.5714285714285714,0.2717391304347826,0.21193415637860083,0.5051124744376279,0.27126948775055676,0.0,1
0.058823529411764705,0.5034965034965035,0.6530612244897958,0.34782608695652173,0.13031550068587106,0.37423312883435594,0.4334075723830734,0.2666666666666667,1
0.058823529411764705,0.17482517482517484,0.510204081632653,0.3695652173913043,0.05761316872427982,0.5746421267893662,0.45077951002227173,0.18333333333333335,0
0.0,0.86013986013986,0.6734693877551019,0.21739130434782605,0.21193415637860083,0.5296523517382414,0.2681514476614699,0.033333333333333326,1
0.5882352941176471,0.2657342657342657,0.48979591836734687,0.11956521739130432,0.12002743484224963,0.10020449897750522,0.2276169265033407,0.5833333333333334,0
0.11764705882352941,0.4965034965034965,0.3469387755102041,0.18478260869565216,0.3566529492455418,0.19427402862985693,0.6752783964365257,0.06666666666666671,0
0.058823529411764705,0.3216783216783217,0.510204081632653,0.2717391304347826,0.21193415637860083,0.43558282208588966,0.09309576837416479,0.35,1
0.3529411764705882,0.3566433566433566,0.6530612244897958,0.21739130434782605,0.12002743484224963,0.3803680981595093,0.28641425389755004,0.16666666666666663,0
0.0,0.2657342657342657,0.4693877551020407,0.21739130434782605,0.12002743484224963,0.24335378323108398,0.07661469933184854,0.06666666666666671,0
0.11764705882352941,0.19580419580419578,0.2653061224489796,0.17391304347826086,0.08367626886145403,0.24948875255623731,0.39376391982182624,0.0,0
0.1764705882352941,0.16783216783216787,0.5918367346938775,0.2608695652173913,0.07544581618655692,0.3271983640081801,0.5380846325167038,0.10000000000000003,1
0.3529411764705882,0.5874125874125875,0.4489795918367347,0.3695652173913043,0.21193415637860083,0.42535787321063406,0.28641425389755004,0.33333333333333337,1
0.058823529411764705,0.2867132867132867,0.4693877551020407,0.08695652173913043,0.12002743484224963,0.0,0.028062360801781733,0.0,0
0.11764705882352941,0.5034965034965035,0.5510204081632653,0.32608695652173914,0.22908093278463648,0.5132924335378324,0.5077951002227171,0.16666666666666663,1
0.4117647058823529,0.7272727272727273,0.3061224489795918,0.2717391304347826,0.2194787379972565,0.2515337423312884,0.22449888641425386,0.30000000000000004,1
0.11764705882352941,0.7132867132867131,0.6734693877551019,0.2717391304347826,0.21193415637860083,0.2740286298568508,0.32115812917594655,0.7500000000000001,1
0.0,0.2587412587412587,0.7755102040816326,0.34782608695652173,0.07818930041152262,0.5153374233128836,0.4173719376391981,0.2333333333333334,0
0.058823529411764705,0.5874125874125875,0.510204081632653,0.20652173913043476,0.22633744855967078,0.12065439672801642,0.33140311804008904,0.033333333333333326,0
0.0,0.5944055944055944,0.5153061224489794,0.2717391304347826,0.21193415637860083,0.4948875255623723,0.053897550111358564,0.13333333333333336,1
0.29411764705882354,0.3006993006993007,0.510204081632653,0.21739130434782605,0.12002743484224963,0.22085889570552159,0.053006681514476614,0.18333333333333335,0
0.47058823529411764,0.8741258741258742,0.4489795918367347,0.3152173913043478,0.6584362139917694,0.24335378323108398,0.2365256124721603,0.65,1
0.11764705882352941,0.0839160839160839,0.4693877551020407,0.2717391304347826,0.0699588477366255,0.13905930470347655,0.045879732739420934,0.06666666666666671,0
0.1764705882352941,0.5034965034965035,0.48979591836734687,0.19565217391304346,0.24005486968449932,0.29038854805725983,0.20712694877505566,0.10000000000000003,1
0.058823529411764705,0.6643356643356644,0.3673469387755101,0.21739130434782605,0.12002743484224963,0.16155419222903894,0.042316258351893093,0.016666666666666663,0
0.058823529411764705,0.41958041958041953,0.5510204081632653,0.2391304347826087,0.22633744855967078,0.3660531697341514,0.18351893095768373,0.06666666666666671,0
0.11764705882352941,0.5104895104895104,0.510204081632653,0.20652173913043476,0.26063100137174205,0.3067484662576689,0.2258351893095768,0.06666666666666671,0
0.4117647058823529,0.40559440559440557,0.5306122448979591,0.10869565217391303,0.13031550068587106,0.11451942740286303,0.17015590200445435,0.16666666666666663,0
0.47058823529411764,0.19580419580419578,0.510204081632653,0.2608695652173913,0.12002743484224963,0.4110429447852761,0.16614699331848554,0.30000000000000004,0
0.1764705882352941,0.3986013986013986,0.2653061224489796,0.032608695652173905,0.09602194787379971,0.2310838445807772,0.2414253897550111,0.06666666666666671,0
0.0,0.4965034965034965,0.5714285714285714,0.32608695652173914,0.2674897119341563,0.3701431492842537,0.32071269487750553,0.033333333333333326,0
0.3529411764705882,0.21678321678321683,0.5714285714285714,0.21739130434782605,0.12002743484224963,0.1022494887525563,0.0,0.18333333333333335,0
0.23529411764705882,0.48251748251748255,0.4693877551020407,0.11956521739130432,0.1467764060356653,0.2188139059304704,0.47216035634743864,0.4,1
0.0,0.8671328671328671,0.6734693877551019,0.20652173913043476,0.10288065843621398,0.37423312883435594,0.10244988864142539,0.2333333333333334,1
0.1764705882352941,0.6433566433566433,0.42857142857142855,0.19565217391304346,0.12002743484224963,0.2924335378323109,0.07661469933184854,0.016666666666666663,0
0.11764705882352941,0.40559440559440557,0.4489795918367347,0.16304347826086957,0.12002743484224963,0.21472392638036814,0.00356347438752784,0.06666666666666671,0
0.29411764705882354,0.2867132867132867,0.5306122448979591,0.21739130434782605,0.21193415637860083,0.3558282208588958,0.13095768374164812,0.5166666666666667,1
0.11764705882352941,0.5104895104895104,0.6122448979591837,0.21739130434782605,0.12002743484224963,0.20040899795501027,0.08908685968819598,0.10000000000000003,0
0.23529411764705882,0.23776223776223776,0.4693877551020407,0.21739130434782605,0.12002743484224963,0.20040899795501027,0.23429844097995545,0.16666666666666663,0
0.058823529411764705,0.37062937062937057,0.14285714285714285,0.11956521739130432,0.1440329218106996,0.10020449897750522,0.1438752783964365,0.08333333333333337,0
0.0,0.3216783216783217,0.5204081632653061,0.17391304347826086,0.12002743484224963,0.24335378323108398,0.21737193763919815,0.0,0
0.11764705882352941,0.3916083916083916,0.5510204081632653,0.46739130434782605,0.17146776406035666,0.4335378323108386,0.040534521158129166,0.050000000000000044,0
0.0,0.3566433566433566,0.3673469387755101,0.19565217391304346,0.12002743484224963,0.16768916155419228,0.021826280623608016,0.033333333333333326,0
0.058823529411764705,0.8741258741258742,0.4081632653061224,0.25,0.22633744855967078,0.325153374233129,0.10868596881959912,0.2833333333333333,1
0.058823529411764705,0.6083916083916083,0.6326530612244898,0.25,0.43209876543209874,0.24335378323108398,0.35991091314031176,0.033333333333333326,0
0.11764705882352941,0.7062937062937062,0.510204081632653,0.3043478260869565,0.5829903978052126,0.4335378323108386,0.022271714922048998,0.15000000000000002,0
0.29411764705882354,0.3916083916083916,0.42857142857142855,0.2717391304347826,0.21193415637860083,0.4008179959100205,0.07884187082405344,0.33333333333333337,1
0.4117647058823529,0.2867132867132867,0.5306122448979591,0.2717391304347826,0.10425240054869683,0.4642126789366054,0.3505567928730512,0.18333333333333335,1
0.0,0.3636363636363636,0.4489795918367347,0.14130434782608695,0.12002743484224963,0.1860940695296524,0.31314031180400886,0.18333333333333335,0
0.47058823529411764,0.909090909090909,0.6734693877551019,0.3043478260869565,0.28806584362139914,0.3333333333333334,0.1510022271714922,0.2666666666666667,1
0.23529411764705882,0.5594405594405594,0.4693877551020407,0.2717391304347826,0.21193415637860083,0.26584867075664625,0.48908685968819593,0.016666666666666663,1
0.6470588235294118,0.20279720279720276,0.510204081632653,0.21739130434782605,0.12002743484224963,0.24335378323108398,0.09621380846325166,0.2333333333333334,0
0.47058823529411764,0.44755244755244755,0.5510204081632653,0.21739130434782605,0.12002743484224963,0.13905930470347655,0.14476614699331847,0.7166666666666667,0
0.29411764705882354,0.3286713286713287,0.857142857142857,0.32608695652173914,0.12002743484224963,0.4294478527607363,0.09844097995545657,0.7333333333333333,0
0.058823529411764705,0.3006993006993007,0.48979591836734687,0.25,0.004115226337448558,0.41717791411042965,0.1461024498886414,0.0,0
0.058823529411764705,0.47552447552447547,0.510204081632653,0.3152173913043478,0.12002743484224963,0.196319018404908,0.00712694877505568,0.15000000000000002,0
0.5294117647058824,0.11188811188811193,0.5510204081632653,0.19565217391304346,0.12002743484224963,0.2740286298568508,0.08730512249443208,0.2833333333333333,0
0.1764705882352941,0.7412587412587412,0.28571428571428564,0.33695652173913043,0.21193415637860083,0.3885480572597139,0.2530066815144766,0.050000000000000044,1
0.5294117647058824,0.006993006993006978,0.5714285714285714,0.32608695652173914,0.12002743484224963,0.29856850715746425,0.00534521158129176,0.33333333333333337,0
0.11764705882352941,0.8321678321678321,0.6530612244897958,0.21739130434782605,0.12002743484224963,0.0961145194274029,0.10779510022271714,0.016666666666666663,0
0.058823529411764705,1.0,0.5306122448979591,0.3913043478260869,0.21193415637860083,0.5051124744376279,0.5835189309576837,0.016666666666666663,1
0.3529411764705882,0.34265734265734266,0.4693877551020407,0.2717391304347826,0.0727023319615912,0.25766871165644184,0.016926503340757237,0.2666666666666667,0
0.0,0.3566433566433566,0.38775510204081626,0.25,0.08093278463648833,0.37627811860940713,0.2997772828507795,0.06666666666666671,1
0.11764705882352941,0.23776223776223776,0.4693877551020407,0.10869565217391303,0.12002743484224963,0.1860940695296524,0.00044543429844098176,0.016666666666666663,0
0.058823529411764705,0.48251748251748255,0.2653061224489796,0.358695652173913,0.2085048010973937,0.30879345603271985,0.39109131403118036,0.1166666666666667,1
0.23529411764705882,0.5454545454545454,0.48979591836734687,0.2717391304347826,0.21193415637860083,0.11451942740286303,0.08596881959910914,0.65,1
0.5882352941176471,0.31468531468531463,0.6326530612244898,0.32608695652173914,0.21193415637860083,0.5603271983640083,0.46859688195991084,0.2833333333333333,1
0.3529411764705882,0.7622377622377621,0.4489795918367347,0.20652173913043476,0.20987654320987653,0.3149284253578733,0.24365256124721602,0.4666666666666667,0
0.4117647058823529,0.9720279720279719,0.4693877551020407,0.2826086956521739,0.1783264746227709,0.14110429447852774,0.03518930957683741,0.5666666666666667,1
0.058823529411764705,0.16783216783216787,0.510204081632653,0.043478260869565216,0.06172839506172839,0.2413087934560328,0.19732739420935413,0.016666666666666663,0
0.7647058823529411,0.13986013986013984,0.3673469387755101,0.21739130434782605,0.12002743484224963,0.29856850715746425,0.04276169265033407,0.33333333333333337,0
0.6470588235294118,0.5524475524475525,0.5153061224489794,0.2717391304347826,0.21193415637860083,0.6973415132924337,0.22004454342984403,0.31666666666666665,1
0.058823529411764705,0.3566433566433566,0.2653061224489796,0.13043478260869565,0.12002743484224963,0.20654396728016372,0.04320712694877504,0.13333333333333336,0
0.23529411764705882,0.2517482517482517,0.5714285714285714,0.21739130434782605,0.12002743484224963,0.49079754601227016,0.06815144766146992,0.13333333333333336,0
0.11764705882352941,0.3916083916083916,0.42857142857142855,0.16304347826086957,0.12002743484224963,0.13905930470347655,0.09933184855233852,0.050000000000000044,0
0.29411764705882354,0.41258741258741255,0.5306122448979591,0.2717391304347826,0.21193415637860083,0.26584867075664625,0.11536748329621381,0.3833333333333333,1
0.29411764705882354,0.11888111888111891,0.3673469387755101,0.21739130434782605,0.12002743484224963,0.1758691206543968,0.08195991091314031,0.10000000000000003,0
0.3529411764705882,0.8881118881118881,0.7142857142857142,0.21739130434782605,0.12002743484224963,0.4621676891615543,0.6133630289532295,0.4,0
0.058823529411764705,0.3916083916083916,0.48979591836734687,0.25,0.22085048010973937,0.33128834355828224,0.1977728285077951,0.06666666666666671,0
0.3529411764705882,0.38461538461538464,0.4081632653061224,0.34782608695652173,0.12002743484224963,0.3271983640081801,0.07839643652561247,0.050000000000000044,0
0.23529411764705882,0.27272727272727276,0.3673469387755101,0.2717391304347826,0.12002743484224963,0.35173824130879355,0.08908685968819598,0.1166666666666667,0
0.4117647058823529,0.37062937062937057,0.5714285714285714,0.2608695652173913,0.21193415637860083,0.36196319018404916,0.464587973273942,0.3666666666666667,1
0.29411764705882354,0.916083916083916,0.5306122448979591,0.21739130434782605,0.2633744855967078,0.5194274028629859,0.42316258351893093,0.5333333333333333,1
0.11764705882352941,0.3636363636363636,0.28571428571428564,0.20652173913043476,0.06584362139917695,0.2924335378323109,0.10423162583518931,0.016666666666666663,0
0.11764705882352941,0.21678321678321683,0.4693877551020407,0.17391304347826086,0.12002743484224963,0.2188139059304704,0.3069042316258352,0.06666666666666671,0
0.1764705882352941,0.27972027972027974,0.32653061224489793,0.2934782608695652,0.13717421124828533,0.1329243353783231,0.3830734966592427,0.30000000000000004,0
0.4117647058823529,0.30769230769230765,0.5153061224489794,0.2717391304347826,0.21193415637860083,0.2413087934560328,0.17817371937639198,0.18333333333333335,1
0.058823529411764705,0.3566433566433566,0.4489795918367347,0.3043478260869565,0.12002743484224963,0.2822085889570553,0.13585746102449886,0.016666666666666663,0
0.11764705882352941,0.48251748251748255,0.3673469387755101,0.14130434782608695,0.17146776406035666,0.31901840490797545,0.0017817371937639132,0.16666666666666663,0
0.11764705882352941,0.3216783216783217,0.6326530612244898,0.3152173913043478,0.1440329218106996,0.5582822085889572,0.01915367483296214,0.033333333333333326,1
0.5294117647058824,0.4405594405594406,0.5714285714285714,0.3043478260869565,0.21193415637860083,0.22085889570552159,0.07973273942093541,0.13333333333333336,1
0.0,0.4405594405594406,0.4081632653061224,0.11956521739130432,0.10562414266117968,0.34151329243353795,0.2855233853006681,0.033333333333333326,0
0.0,0.8671328671328671,0.42857142857142855,0.34782608695652173,0.21193415637860083,0.4867075664621678,0.8057906458797327,0.06666666666666671,1
0.11764705882352941,0.2937062937062937,0.3673469387755101,0.10869565217391303,0.1440329218106996,0.3374233128834358,0.05077951002227171,0.016666666666666663,0
0.23529411764705882,0.6853146853146852,0.48979591836734687,0.2391304347826087,0.1522633744855967,0.26789366053169744,0.11314031180400892,0.2666666666666667,0
0.3529411764705882,0.9370629370629371,0.693877551020408,0.2717391304347826,0.21193415637860083,0.35378323108384474,0.08641425389755011,0.7500000000000001,1
0.23529411764705882,0.41958041958041953,0.48979591836734687,0.05434782608695651,0.09876543209876543,0.07975460122699396,0.1688195991091314,0.2666666666666667,0
0.0,0.4265734265734266,0.42857142857142855,0.2608695652173913,0.2373113854595336,0.25766871165644184,0.1821826280623608,0.016666666666666663,0
0.0,0.19580419580419578,0.5918367346938775,0.2608695652173913,0.15089163237311384,0.4089979550102251,0.06636971046770601,0.033333333333333326,0
0.1764705882352941,0.8181818181818181,0.5918367346938775,0.44565217391304346,0.6172839506172839,0.4130879345603273,0.9144766146993318,0.06666666666666671,1
0.0,0.8741258741258742,0.6530612244897958,0.40217391304347827,0.6790123456790123,0.5132924335378324,0.06146993318485523,0.08333333333333337,1
0.1764705882352941,0.3006993006993007,0.38775510204081626,0.13043478260869565,0.08093278463648833,0.07361963190184057,0.08685968819599109,0.08333333333333337,0
0.1764705882352941,0.38461538461538464,0.32653061224489793,0.34782608695652173,0.12002743484224963,0.24335378323108398,0.21069042316258352,0.15000000000000002,0
0.0,0.3356643356643357,0.4081632653061224,0.32608695652173914,0.0672153635116598,0.3149284253578733,0.18975501113585747,0.016666666666666663,1
0.058823529411764705,0.7762237762237763,0.510204081632653,0.10869565217391303,0.17695473251028807,0.1063394683026585,0.1616926503340757,0.20000000000000007,1
0.1764705882352941,0.38461538461538464,0.3469387755102041,0.2608695652173913,0.03978052126200274,0.2310838445807772,0.15412026726057904,0.016666666666666663,0
0.058823529411764705,0.4405594405594406,0.20408163265306117,0.4347826086956521,0.06584362139917695,0.35378323108384474,0.08730512249443208,0.06666666666666671,0
0.29411764705882354,0.2237762237762238,0.42857142857142855,0.15217391304347824,0.010973936899862823,0.12678936605316976,0.11492204899777282,0.15000000000000002,0
0.23529411764705882,0.6363636363636362,0.510204081632653,0.19565217391304346,0.38134430727023316,0.34151329243353795,0.13407572383073496,0.15000000000000002,0
0.058823529411764705,0.21678321678321683,0.4489795918367347,0.2934782608695652,0.08504801097393688,0.39672801635991833,0.14120267260579067,0.050000000000000044,0
0.0,0.30769230769230765,0.4693877551020407,0.20652173913043476,0.04801097393689985,0.25766871165644184,0.22850779510022268,0.0,0
0.058823529411764705,0.4615384615384615,0.6734693877551019,0.4782608695652174,0.28120713305898487,0.6441717791411046,0.10734966592427615,0.16666666666666663,1
0.1764705882352941,0.3986013986013986,0.20408163265306117,0.06521739130434781,0.12002743484224963,0.08588957055214724,0.02494432071269488,0.016666666666666663,0
0.0,0.48251748251748255,0.7346938775510203,0.21739130434782605,0.12002743484224963,0.08793456032719843,0.07928730512249443,0.0,0
0.23529411764705882,0.93006993006993,0.8775510204081631,0.2608695652173913,0.12002743484224963,0.21063394683026587,0.26547884187082404,0.2666666666666667,0
0.4117647058823529,0.7202797202797202,0.42857142857142855,0.2717391304347826,0.21193415637860083,0.24948875255623731,0.13318485523385298,0.25,1
0.47058823529411764,0.27272727272727276,0.48979591836734687,0.21739130434782605,0.12002743484224963,0.3803680981595093,0.17861915367483294,0.6,0
0.0,0.5034965034965035,0.4489795918367347,0.13043478260869565,0.22633744855967078,0.2515337423312884,0.5821826280623608,0.06666666666666671,1
0.0,0.47552447552447547,0.4693877551020407,0.14130434782608695,0.21193415637860083,0.18813905930470348,0.0757238307349666,0.25,1
0.11764705882352941,0.986013986013986,0.4693877551020407,0.9999999999999999,0.21193415637860083,0.3374233128834358,0.2187082405345211,0.6833333333333332,1
0.23529411764705882,0.3916083916083916,0.5510204081632653,0.358695652173913,0.12002743484224963,0.4335378323108386,0.06770601336302894,0.2833333333333333,0
0.058823529411764705,0.34265734265734266,0.3469387755102041,0.21739130434782605,0.12002743484224963,0.12474437627811868,0.045879732739420934,0.0,0
0.0,0.3356643356643357,0.5306122448979591,0.21739130434782605,0.12002743484224963,0.004089979550102263,0.22182628062360799,0.10000000000000003,0
0.23529411764705882,0.37762237762237766,0.5306122448979591,0.14130434782608695,0.1165980795610425,0.2085889570552148,0.01514476614699331,0.10000000000000003,0
0.058823529411764705,0.38461538461538464,0.38775510204081626,0.06521739130434781,0.22908093278463648,0.11860940695296529,0.024053452115812918,0.033333333333333326,0
0.29411764705882354,0.4265734265734266,0.693877551020408,0.21739130434782605,0.12002743484224963,0.325153374233129,0.11269487750556793,0.2833333333333333,0
0.47058823529411764,0.48951048951048953,0.510204081632653,0.33695652173913043,0.08230452674897118,0.15746421267893668,0.03474387527839644,0.30000000000000004,0
0.058823529411764705,0.5524475524475525,0.3061224489795918,0.21739130434782605,0.12002743484224963,0.17382413087934562,0.2685968819599109,0.6833333333333332,0
0.058823529411764705,0.16783216783216787,0.31632653061224486,0.21739130434782605,0.12002743484224963,0.018404907975460183,0.0775055679287305,0.0,0
0.5882352941176471,0.4615384615384615,0.4489795918367347,0.21739130434782605,0.12002743484224963,0.26584867075664625,0.0775055679287305,0.33333333333333337,0
0.0,0.5664335664335665,0.6122448979591837,0.21739130434782605,0.12002743484224963,0.1860940695296524,0.06547884187082405,0.6333333333333333,0
0.1764705882352941,0.23776223776223776,0.5510204081632653,0.21739130434782605,0.12002743484224963,0.5010224948875257,0.2115812917594655,0.0,0
0.058823529411764705,0.20279720279720276,0.42857142857142855,0.2391304347826087,0.12002743484224963,0.17177914110429454,0.11893095768374164,0.16666666666666663,0
0.058823529411764705,0.5034965034965035,0.24489795918367346,0.41304347826086957,0.24554183813443073,0.456032719836401,0.23563474387527839,0.050000000000000044,1
0.0,0.44755244755244755,0.510204081632653,0.11956521739130432,0.06584362139917695,0.2515337423312884,0.08953229398663697,0.08333333333333337,0
0.058823529411764705,0.979020979020979,0.5306122448979591,0.3152173913043478,0.32098765432098764,0.37423312883435594,0.3523385300668151,0.13333333333333336,1
0.11764705882352941,0.3566433566433566,0.510204081632653,0.25,0.1165980795610425,0.3149284253578733,0.1425389755011136,0.033333333333333326,0
0.23529411764705882,0.5104895104895104,0.6326530612244898,0.14130434782608695,0.34979423868312753,0.3456032719836402,0.06547884187082405,0.033333333333333326,0
0.0,0.86013986013986,0.2653061224489796,0.3152173913043478,0.19753086419753085,0.4008179959100205,0.16525612472160356,0.016666666666666663,1
0.058823529411764705,0.3916083916083916,0.5714285714285714,0.41304347826086957,0.16049382716049382,0.33946830265848676,0.05924276169265033,0.050000000000000044,0
0.29411764705882354,0.7412587412587412,0.8163265306122447,0.2717391304347826,0.21193415637860083,0.3987730061349695,0.029844097995545646,0.5166666666666667,1
0.1764705882352941,0.8041958041958042,0.48979591836734687,0.2826086956521739,0.1646090534979424,0.30879345603271985,0.0512249443207127,0.050000000000000044,1
0.1764705882352941,0.7482517482517481,0.4693877551020407,0.11956521739130432,0.12345679012345677,0.2740286298568508,0.08195991091314031,0.1166666666666667,1
0.23529411764705882,0.8181818181818181,0.4693877551020407,0.07608695652173914,0.20987654320987653,0.23517382413087945,0.12338530066815144,0.20000000000000007,1
0.4117647058823529,0.3216783216783217,0.510204081632653,0.358695652173913,0.12345679012345677,0.3885480572597139,0.05345211581291759,0.4,0
0.3529411764705882,0.3356643356643357,0.510204081632653,0.11956521739130432,0.1934156378600823,0.2392638036809816,0.2841870824053452,0.33333333333333337,1
0.3529411764705882,0.7412587412587412,0.38775510204081626,0.2717391304347826,0.21193415637860083,0.12474437627811868,0.041870824053452105,0.4833333333333334,1
0.11764705882352941,0.2237762237762238,0.3469387755102041,0.20652173913043476,0.0013717421124828516,0.2085889570552148,0.3037861915367483,0.016666666666666663,0
0.47058823529411764,0.37762237762237766,0.5306122448979591,0.21739130434782605,0.12002743484224963,0.196319018404908,0.06815144766146992,0.6166666666666667,0
0.5294117647058824,0.6223776223776223,0.6530612244897958,0.2934782608695652,0.205761316872428,0.24744376278118624,0.3060133630289532,0.5333333333333333,1
0.23529411764705882,0.37762237762237766,0.42857142857142855,0.21739130434782605,0.12002743484224963,0.2801635991820041,0.1723830734966592,0.13333333333333336,0
0.23529411764705882,0.5314685314685315,0.6326530612244898,0.2608695652173913,0.12002743484224963,0.20040899795501027,0.14922048997772824,0.7000000000000001,0
0.11764705882352941,0.30769230769230765,0.4693877551020407,0.48913043478260865,0.05761316872427982,0.456032719836401,0.2641425389755011,0.06666666666666671,0
0.47058823529411764,0.6853146853146852,0.5510204081632653,0.2717391304347826,0.21193415637860083,0.29038854805725983,0.1599109131403118,0.4,1
0.0,0.3216783216783217,0.4081632653061224,0.42391304347826086,0.08641975308641975,0.45807770961145206,0.18351893095768373,0.0,0
0.058823529411764705,0.8741258741258742,0.5510204081632653,0.3804347826086956,0.38134430727023316,0.4458077709611454,0.5229398663697105,0.016666666666666663,1
0.11764705882352941,0.3916083916083916,0.6326530612244898,0.3804347826086956,0.19890260631001372,0.4130879345603273,0.07216035634743874,0.1166666666666667,0
0.4117647058823529,0.6013986013986015,0.3673469387755101,0.2826086956521739,0.24005486968449932,0.21676891615541932,0.2685968819599109,0.6666666666666666,0
0.1764705882352941,0.3216783216783217,0.20408163265306117,0.14130434782608695,0.10836762688614539,0.25766871165644184,0.14075723830734965,0.08333333333333337,0
0.1764705882352941,0.17482517482517484,0.6326530612244898,0.09782608695652173,0.0699588477366255,0.19018404907975467,0.09888641425389753,0.016666666666666663,0
0.1764705882352941,0.6013986013986015,0.5714285714285714,0.08695652173913043,0.12002743484224963,0.29038854805725983,0.051670378619153676,0.7000000000000001,0
0.6470588235294118,0.38461538461538464,0.6122448979591837,0.358695652173913,0.21193415637860083,0.5848670756646217,0.37461024498886414,0.4,1
0.058823529411764705,0.27972027972027974,0.4081632653061224,0.21739130434782605,0.09876543209876543,0.3067484662576689,0.09131403118040086,0.0,0
0.11764705882352941,0.986013986013986,0.4693877551020407,0.41304347826086957,0.7242798353909464,0.2515337423312884,0.03296213808463251,0.5333333333333333,1
0.058823529411764705,0.23776223776223776,0.38775510204081626,0.11956521739130432,0.060356652949245526,0.14110429447852774,0.5273942093541203,0.06666666666666671,0
0.4117647058823529,0.6713286713286712,0.6530612244897958,0.40217391304347827,0.21193415637860083,0.6503067484662579,0.11269487750556793,0.25,1
0.058823529411764705,0.2587412587412587,0.32653061224489793,0.043478260869565216,0.12002743484224963,0.08793456032719843,0.14832962138084632,0.016666666666666663,0
0.5882352941176471,0.48251748251748255,0.4693877551020407,0.20652173913043476,0.13717421124828533,0.2638036809815952,0.053897550111358564,0.33333333333333337,1
0.058823529411764705,0.30769230769230765,0.48979591836734687,0.05434782608695651,0.07544581618655692,0.1451942740286299,0.25567928730512246,0.1166666666666667,0
0.4117647058823529,0.34265734265734266,0.4693877551020407,0.21739130434782605,0.12002743484224963,0.24335378323108398,0.09844097995545657,0.050000000000000044,0
0.23529411764705882,0.1888111888111888,0.6326530612244898,0.13043478260869565,0.12002743484224963,0.22699386503067492,0.10378619153674833,0.21666666666666667,0
0.5294117647058824,0.34965034965034963,0.28571428571428564,0.21739130434782605,0.12002743484224963,0.26584867075664625,0.13184855233853005,0.35,0
0.0,0.27272727272727276,0.6224489795918366,0.19565217391304346,0.028806584362139915,0.39263803680981607,0.07260579064587973,0.050000000000000044,1
0.23529411764705882,0.4685314685314685,0.5714285714285714,0.08695652173913043,0.22085048010973937,0.2822085889570553,0.1599109131403118,0.21666666666666667,0
0.5294117647058824,0.6223776223776223,0.5714285714285714,0.42391304347826086,0.15775034293552812,0.4028629856850717,0.2463251670378619,0.31666666666666665,1
0.058823529411764705,0.48951048951048953,0.3673469387755101,0.2717391304347826,0.21193415637860083,0.24335378323108398,0.11804008908685966,0.43333333333333335,1
0.3529411764705882,0.965034965034965,0.5510204081632653,0.2717391304347826,0.21193415637860083,0.10838445807770969,0.020044543429844096,0.6333333333333333,1
0.058823529411764705,0.40559440559440557,0.42857142857142855,0.3152173913043478,0.2537722908093278,0.40695296523517394,0.09131403118040086,0.0,0
0.3529411764705882,0.7692307692307692,0.510204081632653,0.21739130434782605,0.12002743484224963,0.17177914110429454,0.09799554565701558,0.7500000000000001,0
0.0,0.2937062937062937,0.5918367346938775,0.08695652173913043,0.09465020576131686,0.1431492842535788,0.09576837416481067,0.016666666666666663,0
0.058823529411764705,0.6153846153846154,0.5918367346938775,0.42391304347826086,0.22633744855967078,0.5705521472392641,0.11180400890868596,0.41666666666666663,1
0.3529411764705882,0.48251748251748255,0.5510204081632653,0.2608695652173913,0.21193415637860083,0.19222903885480586,0.21425389755011132,0.4666666666666667,1
0.7647058823529411,0.34965034965034963,0.4693877551020407,0.21739130434782605,0.12002743484224963,0.3271983640081801,0.07438752783964364,0.5166666666666667,0
0.23529411764705882,0.3006993006993007,0.5306122448979591,0.08695652173913043,0.04938271604938271,0.1022494887525563,0.06191536748329621,0.0,0
0.058823529411764705,0.41258741258741255,0.4693877551020407,0.25,0.11111111111111109,0.3353783231083846,0.19821826280623606,0.18333333333333335,1
0.0,0.5874125874125875,0.4183673469387755,0.20652173913043476,0.15775034293552812,0.4989775051124746,0.15456570155902005,0.050000000000000044,1
0.4117647058823529,0.5384615384615385,0.6122448979591837,0.21739130434782605,0.12002743484224963,0.44989775051124764,0.2726057906458797,0.2666666666666667,0
0.4117647058823529,0.7832167832167831,0.6530612244897958,0.3804347826086956,0.41975308641975306,0.4089979550102251,0.31314031180400886,0.31666666666666665,1
0.3529411764705882,0.6853146853146852,0.510204081632653,0.2717391304347826,0.24417009602194786,0.22699386503067492,0.33630289532293983,0.30000000000000004,0
0.058823529411764705,0.4615384615384615,0.4081632653061224,0.2717391304347826,0.1934156378600823,0.3456032719836402,0.27082405345211574,0.15000000000000002,1
0.058823529411764705,0.1048951048951049,0.38775510204081626,0.21739130434782605,0.12002743484224963,0.07361963190184057,0.1478841870824053,0.08333333333333337,0
0.0,0.4335664335664336,0.4081632653061224,0.17391304347826086,0.10150891632373113,0.24335378323108398,0.733630289532294,0.0,0
0.11764705882352941,0.23076923076923078,0.6734693877551019,0.25,0.12002743484224963,0.3128834355828222,0.0926503340757238,0.35,0
0.5882352941176471,0.6433566433566433,0.6122448979591837,0.44565217391304346,0.30452674897119336,0.39672801635991833,0.4084632516703785,0.5,1
0.11764705882352941,0.23776223776223776,0.5714285714285714,0.07608695652173914,0.05486968449931412,0.12678936605316976,0.07349665924276169,0.050000000000000044,0
0.058823529411764705,0.14685314685314682,0.32653061224489793,0.25,0.05624142661179697,0.30879345603271985,0.5198218262806236,0.050000000000000044,0
0.0,0.48251748251748255,0.4489795918367347,0.21739130434782605,0.12002743484224963,0.1329243353783231,0.05434298440979954,0.0,0
0.058823529411764705,0.5594405594405594,0.510204081632653,0.46739130434782605,0.25925925925925924,0.39263803680981607,0.1403118040089087,0.050000000000000044,0
0.11764705882352941,0.3916083916083916,0.5204081632653061,0.2717391304347826,0.12002743484224963,0.357873210633947,0.028507795100222708,0.0,0
0.058823529411764705,0.37062937062937057,0.3673469387755101,0.010869565217391297,0.22908093278463648,0.14723926380368096,0.3844097995545656,0.0,0
0.058823529411764705,0.811188811188811,0.4489795918367347,0.4565217391304348,0.7736625514403291,0.4948875255623723,0.2752783964365256,0.1166666666666667,1
0.11764705882352941,0.3636363636363636,0.38775510204081626,0.2717391304347826,0.05624142661179697,0.1431492842535788,0.019599109131403114,0.0,0
0.23529411764705882,0.3286713286713287,0.3673469387755101,0.2826086956521739,0.242798353909465,0.11860940695296529,0.39287305122494426,0.20000000000000007,0
0.5882352941176471,0.7832167832167831,0.510204081632653,0.2717391304347826,0.21193415637860083,0.40490797546012286,0.2017817371937639,0.21666666666666667,1
0.0,0.38461538461538464,0.4183673469387755,0.21739130434782605,0.12002743484224963,0.13087934560327202,0.25657015590200444,0.16666666666666663,0
0.058823529411764705,0.34965034965034963,0.4693877551020407,0.2282608695652174,0.1646090534979424,0.3271983640081801,0.02583518930957683,0.016666666666666663,0
0.0,0.3216783216783217,0.6326530612244898,0.10869565217391303,0.12345679012345677,0.22699386503067492,0.2721603563474387,0.10000000000000003,0
0.29411764705882354,0.40559440559440557,0.510204081632653,0.21739130434782605,0.12002743484224963,0.13701431492842536,0.2939866369710467,0.6,0
0.058823529411764705,0.3986013986013986,0.4081632653061224,0.3043478260869565,0.21193415637860083,0.3149284253578733,0.2044543429844098,0.0,1
0.47058823529411764,0.9230769230769229,0.5510204081632653,0.2717391304347826,0.21193415637860083,0.6073619631901841,0.023608017817371943,0.3666666666666667,1
0.11764705882352941,0.5454545454545454,0.4693877551020407,0.2717391304347826,0.21193415637860083,0.2188139059304704,0.20400890868596883,0.033333333333333326,1
0.23529411764705882,0.13986013986013984,0.38775510204081626,0.21739130434782605,0.12002743484224963,0.3231083844580778,0.13674832962138084,0.06666666666666671,0
0.058823529411764705,0.2867132867132867,0.4693877551020407,0.358695652173913,0.12002743484224963,0.40695296523517394,0.059688195991091306,0.15000000000000002,0
0.5882352941176471,0.38461538461538464,0.4693877551020407,0.21739130434782605,0.21193415637860083,0.19018404907975467,0.025389755011135842,0.31666666666666665,1
0.23529411764705882,0.6153846153846154,0.3469387755102041,0.2282608695652174,0.17146776406035666,0.2310838445807772,0.09042316258351892,0.2666666666666667,0
